Year,Week,Date,HomeTeam,AwayTeam,HomeScore,AwayScore,PointDiff,HomeLine,AwayLine,PredictTotal,ActualTotal
2019,5,2019-10-07,SF,CLE,31,3,28,-3.0,3.0,47.5,34
2019,5,2019-10-06,KC,IND,13,19,-6,-10.0,10.0,57.0,32
2019,5,2019-10-06,DAL,GB,24,34,-10,-4.0,4.0,48.0,58
2019,5,2019-10-06,SD,DEN,34,27,7,-6.5,6.5,44.0,61
2019,5,2019-10-06,CAR,JAX,34,27,7,-3.5,3.5,41.0,61
2019,5,2019-10-06,CIN,ARI,23,26,-3,-4.0,4.0,48.0,49
2019,5,2019-10-06,HOU,ATL,53,32,21,-4.5,4.5,48.5,85
2019,5,2019-10-06,NO,TB,31,24,7,-5.5,5.5,47.0,55
2019,5,2019-10-06,NYG,MIN,10,28,-18,4.5,-4.5,45.0,38
2019,5,2019-10-06,OAK,CHI,24,21,3,5.5,-5.5,41.0,45
2019,5,2019-10-06,PHI,NYJ,31,6,25,-14.0,14.0,44.5,37
2019,5,2019-10-06,PIT,BAL,23,26,-3,4.0,-4.0,42.5,49
2019,5,2019-10-06,TEN,BUF,7,14,-7,-2.5,2.5,38.5,21
2019,5,2019-10-06,WAS,NE,7,33,-26,14.5,-14.5,46.0,40
2019,5,2019-10-03,SEA,LARM,30,29,1,1.0,-1.0,49.0,59
2019,4,2019-09-30,PIT,CIN,27,3,24,-4.5,4.5,44.0,30
2019,4,2019-09-29,NO,DAL,12,10,2,3.0,-3.0,46.0,22
2019,4,2019-09-29,CHI,MIN,16,6,10,-3.0,3.0,38.0,22
2019,4,2019-09-29,DEN,JAX,24,26,-2,-3.0,3.0,38.0,50
2019,4,2019-09-29,ARI,SEA,10,27,-17,4.0,-4.0,47.0,37
2019,4,2019-09-29,LARM,TB,40,55,-15,-10.0,10.0,48.5,95
2019,4,2019-09-29,ATL,TEN,10,24,-14,-5.0,5.0,46.0,34
2019,4,2019-09-29,BAL,CLE,25,40,-15,-5.5,5.5,46.5,65
2019,4,2019-09-29,BUF,NE,10,16,-6,7.5,-7.5,43.5,26
2019,4,2019-09-29,DET,KC,30,34,-4,6.5,-6.5,54.0,64
2019,4,2019-09-29,HOU,CAR,10,16,-6,-4.5,4.5,46.0,26
2019,4,2019-09-29,IND,OAK,24,31,-7,-6.5,6.5,44.5,55
2019,4,2019-09-29,MIA,SD,10,30,-20,16.5,-16.5,45.0,40
2019,4,2019-09-29,NYG,WAS,24,3,21,-3.0,3.0,46.5,27
2019,4,2019-09-26,GB,PHI,27,34,-7,-4.5,4.5,47.5,61
2019,3,2019-09-23,WAS,CHI,15,31,-16,4.0,-4.0,42.0,46
2019,3,2019-09-22,CLE,LARM,13,20,-7,2.5,-2.5,51.0,33
2019,3,2019-09-22,SD,HOU,20,27,-7,-3.5,3.5,48.5,47
2019,3,2019-09-22,SEA,NO,27,33,-6,-5.0,5.0,45.0,60
2019,3,2019-09-22,SF,PIT,24,20,4,-7.0,7.0,44.0,44
2019,3,2019-09-22,TB,NYG,31,32,-1,-6.5,6.5,48.5,63
2019,3,2019-09-22,ARI,CAR,20,38,-18,2.5,-2.5,45.5,58
2019,3,2019-09-22,BUF,CIN,21,17,4,-5.0,5.0,42.0,38
2019,3,2019-09-22,DAL,MIA,31,6,25,-20.5,20.5,47.5,37
2019,3,2019-09-22,GB,DEN,27,16,11,-8.0,8.0,43.5,43
2019,3,2019-09-22,IND,ATL,27,24,3,-2.5,2.5,47.5,51
2019,3,2019-09-22,KC,BAL,33,28,5,-7.0,7.0,54.5,61
2019,3,2019-09-22,MIN,OAK,34,14,20,-7.5,7.5,43.5,48
2019,3,2019-09-22,NE,NYJ,30,14,16,-20.5,20.5,46.0,44
2019,3,2019-09-22,PHI,DET,24,27,-3,-7.5,7.5,49.0,51
2019,3,2019-09-19,JAX,TEN,20,7,13,2.0,-2.0,40.0,27
2019,2,2019-09-16,NYJ,CLE,3,23,-20,2.5,-2.5,46.0,26
2019,2,2019-09-15,ATL,PHI,24,20,4,1.0,-1.0,51.0,44
2019,2,2019-09-15,DEN,CHI,14,16,-2,-1.0,1.0,40.5,30
2019,2,2019-09-15,LARM,NO,27,9,18,-3.0,3.0,54.0,36
2019,2,2019-09-15,OAK,KC,10,28,-18,8.0,-8.0,52.0,38
2019,2,2019-09-15,BAL,ARI,23,17,6,-13.0,13.0,42.5,40
2019,2,2019-09-15,CIN,SF,17,41,-24,2.0,-2.0,45.0,58
2019,2,2019-09-15,DET,SD,13,10,3,3.0,-3.0,47.0,23
2019,2,2019-09-15,GB,MIN,21,16,5,-3.0,3.0,45.5,37
2019,2,2019-09-15,HOU,JAX,13,12,1,-8.0,8.0,44.5,25
2019,2,2019-09-15,MIA,NE,0,43,-43,15.0,-15.0,47.0,43
2019,2,2019-09-15,NYG,BUF,14,28,-14,2.5,-2.5,42.5,42
2019,2,2019-09-15,PIT,SEA,26,28,-2,-3.5,3.5,46.5,54
2019,2,2019-09-15,TEN,IND,17,19,-2,-3.0,3.0,44.0,36
2019,2,2019-09-15,WAS,DAL,21,31,-10,4.5,-4.5,44.0,52
2019,2,2019-09-12,CAR,TB,14,20,-6,-6.5,6.5,51.0,34
2019,1,2019-09-09,OAK,DEN,24,16,8,-1.0,1.0,43.0,40
2019,1,2019-09-09,NO,HOU,30,28,2,-7.0,7.0,53.0,58
2019,1,2019-09-08,NE,PIT,33,3,30,-6.0,6.0,51.0,36
2019,1,2019-09-08,ARI,DET,27,27,0,2.5,-2.5,47.5,54
2019,1,2019-09-08,DAL,NYG,35,17,18,-7.0,7.0,45.5,52
2019,1,2019-09-08,TB,SF,17,31,-14,-1.0,1.0,49.5,48
2019,1,2019-09-08,SD,IND,30,24,6,-7.0,7.0,44.0,54
2019,1,2019-09-08,SEA,CIN,21,20,1,-9.5,9.5,43.5,41
2019,1,2019-09-08,CAR,LARM,27,30,-3,2.5,-2.5,50.5,57
2019,1,2019-09-08,CLE,TEN,13,43,-30,-5.5,5.5,45.5,56
2019,1,2019-09-08,JAX,KC,26,40,-14,4.0,-4.0,52.0,66
2019,1,2019-09-08,MIA,BAL,10,59,-49,5.0,-5.0,37.5,69
2019,1,2019-09-08,MIN,ATL,28,12,16,-4.0,4.0,47.5,40
2019,1,2019-09-08,NYJ,BUF,16,17,-1,-3.0,3.0,39.5,33
2019,1,2019-09-08,PHI,WAS,32,27,5,-8.5,8.5,45.5,59
2019,1,2019-09-05,CHI,GB,3,10,-7,-3.0,3.0,46.0,13
2018,21,2019-02-03,LARM,NE,3,13,-10,1.0,-1.0,58.5,16
2018,20,2019-01-20,KC,NE,31,37,-6,-3.0,3.0,57.0,68
2018,20,2019-01-20,NO,LARM,23,26,-3,-3.0,3.0,57.0,49
2018,19,2019-01-13,NO,PHI,20,14,6,-8.0,8.0,51.0,34
2018,19,2019-01-13,NE,SD,41,28,13,-5.0,5.0,47.5,69
2018,19,2019-01-12,LARM,DAL,30,22,8,-7.0,7.0,49.0,52
2018,19,2019-01-12,KC,IND,31,13,18,-5.5,5.5,56.5,44
2018,18,2019-01-06,CHI,PHI,15,16,-1,-7.0,7.0,42.0,31
2018,18,2019-01-06,BAL,SD,17,23,-6,-3.0,3.0,41.5,40
2018,18,2019-01-05,DAL,SEA,24,22,2,-2.5,2.5,41.5,46
2018,18,2019-01-05,HOU,IND,7,21,-14,-2.5,2.5,47.5,28
2018,17,2018-12-31,TEN,IND,17,33,-16,3.0,-3.0,44.0,50
2018,17,2018-12-30,BAL,CLE,26,24,2,-4.5,4.5,41.0,50
2018,17,2018-12-30,DEN,SD,9,23,-14,6.5,-6.5,41.5,32
2018,17,2018-12-30,LARM,SF,48,32,16,-9.0,9.0,50.5,80
2018,17,2018-12-30,MIN,CHI,10,24,-14,-6.0,6.0,41.0,34
2018,17,2018-12-30,PIT,CIN,16,13,3,-14.0,14.0,48.0,29
2018,17,2018-12-30,SEA,ARI,27,24,3,-13.5,13.5,40.0,51
2018,17,2018-12-30,WAS,PHI,0,24,-24,6.5,-6.5,41.5,24
2018,17,2018-12-30,BUF,MIA,42,17,25,-3.5,3.5,38.5,59
2018,17,2018-12-30,GB,DET,0,31,-31,-7.0,7.0,44.0,31
2018,17,2018-12-30,HOU,JAX,20,3,17,-8.5,8.5,40.5,23
2018,17,2018-12-30,KC,OAK,35,3,32,-13.5,13.5,54.0,38
2018,17,2018-12-30,NE,NYJ,38,3,35,-12.5,12.5,47.5,41
2018,17,2018-12-30,NO,CAR,14,33,-19,-7.5,7.5,45.0,47
2018,17,2018-12-30,NYG,DAL,35,36,-1,-7.0,7.0,42.5,71
2018,17,2018-12-30,TB,ATL,32,34,-2,-1.0,1.0,49.5,66
2018,16,2018-12-24,OAK,DEN,27,14,13,2.5,-2.5,45.0,41
2018,16,2018-12-23,SEA,KC,38,31,7,2.5,-2.5,54.0,69
2018,16,2018-12-23,NO,PIT,31,28,3,-5.5,5.5,53.5,59
2018,16,2018-12-23,ARI,LARM,9,31,-22,13.5,-13.5,47.5,40
2018,16,2018-12-23,SF,CHI,9,14,-5,3.5,-3.5,43.0,23
2018,16,2018-12-23,CAR,ATL,10,24,-14,-3.0,3.0,47.0,34
2018,16,2018-12-23,CLE,CIN,26,18,8,-6.5,6.5,46.0,44
2018,16,2018-12-23,DAL,TB,27,20,7,-7.0,7.0,46.0,47
2018,16,2018-12-23,DET,MIN,9,27,-18,4.5,-4.5,43.5,36
2018,16,2018-12-23,IND,NYG,28,27,1,-9.0,9.0,47.0,55
2018,16,2018-12-23,MIA,JAX,7,17,-10,-5.0,5.0,40.0,24
2018,16,2018-12-23,NE,BUF,24,12,12,-12.5,12.5,45.5,36
2018,16,2018-12-23,NYJ,GB,38,44,-6,2.5,-2.5,45.0,82
2018,16,2018-12-23,PHI,HOU,32,30,2,1.0,-1.0,45.0,62
2018,16,2018-12-22,SD,BAL,10,22,-12,-4.5,4.5,45.0,32
2018,16,2018-12-22,TEN,WAS,25,16,9,-10.0,10.0,37.0,41
2018,15,2018-12-17,CAR,NO,9,12,-3,6.5,-6.5,54.0,21
2018,15,2018-12-16,LARM,PHI,23,30,-7,-9.5,9.5,53.5,53
2018,15,2018-12-16,PIT,NE,17,10,7,1.0,-1.0,52.0,27
2018,15,2018-12-16,SF,SEA,26,23,3,6.5,-6.5,44.5,49
2018,15,2018-12-16,ATL,ARI,40,14,26,-9.0,9.0,44.0,54
2018,15,2018-12-16,BAL,TB,20,12,8,-8.0,8.0,47.0,32
2018,15,2018-12-16,BUF,DET,14,13,1,-1.5,1.5,38.0,27
2018,15,2018-12-16,CHI,GB,24,17,7,-6.5,6.5,46.5,41
2018,15,2018-12-16,CIN,OAK,30,16,14,-3.0,3.0,46.5,46
2018,15,2018-12-16,IND,DAL,23,0,23,-2.5,2.5,47.0,23
2018,15,2018-12-16,JAX,WAS,13,16,-3,-6.5,6.5,36.0,29
2018,15,2018-12-16,MIN,MIA,41,17,24,-7.0,7.0,43.0,58
2018,15,2018-12-16,NYG,TEN,0,17,-17,-2.5,2.5,43.5,17
2018,15,2018-12-15,DEN,CLE,16,17,-1,-3.5,3.5,44.5,33
2018,15,2018-12-15,NYJ,HOU,22,29,-7,6.0,-6.0,42.5,51
2018,15,2018-12-13,KC,SD,28,29,-1,-3.5,3.5,56.5,57
2018,14,2018-12-10,SEA,MIN,21,7,14,-3.0,3.0,45.0,28
2018,14,2018-12-09,CHI,LARM,15,6,9,3.0,-3.0,54.0,21
2018,14,2018-12-09,ARI,DET,3,17,-14,2.5,-2.5,41.5,20
2018,14,2018-12-09,DAL,PHI,29,23,6,-4.0,4.0,43.5,52
2018,14,2018-12-09,OAK,PIT,24,21,3,11.5,-11.5,52.0,45
2018,14,2018-12-09,SD,CIN,26,21,5,-14.5,14.5,47.0,47
2018,14,2018-12-09,SF,DEN,20,14,6,5.5,-5.5,44.0,34
2018,14,2018-12-09,BUF,NYJ,23,27,-4,-3.5,3.5,38.0,50
2018,14,2018-12-09,CLE,CAR,26,20,6,1.0,-1.0,46.5,46
2018,14,2018-12-09,GB,ATL,34,20,14,-5.5,5.5,47.5,54
2018,14,2018-12-09,HOU,IND,21,24,-3,-4.0,4.0,49.5,45
2018,14,2018-12-09,KC,BAL,27,24,3,-7.0,7.0,53.5,51
2018,14,2018-12-09,MIA,NE,34,33,1,7.5,-7.5,48.0,67
2018,14,2018-12-09,TB,NO,14,28,-14,8.0,-8.0,57.5,42
2018,14,2018-12-09,WAS,NYG,16,40,-24,4.0,-4.0,41.0,56
2018,14,2018-12-06,TEN,JAX,30,9,21,-4.5,4.5,38.0,39
2018,13,2018-12-03,PHI,WAS,28,13,15,-7.0,7.0,44.0,41
2018,13,2018-12-02,PIT,SD,30,33,-3,-3.5,3.5,52.5,63
2018,13,2018-12-02,NE,MIN,24,10,14,-5.5,5.5,48.0,34
2018,13,2018-12-02,SEA,SF,43,16,27,-10.0,10.0,46.0,59
2018,13,2018-12-02,OAK,KC,33,40,-7,15.0,-15.0,56.0,73
2018,13,2018-12-02,TEN,NYJ,26,22,4,-9.0,9.0,40.5,48
2018,13,2018-12-02,ATL,BAL,16,26,-10,1.5,-1.5,49.0,42
2018,13,2018-12-02,CIN,DEN,10,24,-14,3.5,-3.5,42.5,34
2018,13,2018-12-02,DET,LARM,16,30,-14,9.5,-9.5,54.5,46
2018,13,2018-12-02,GB,ARI,17,20,-3,-14.0,14.0,46.0,37
2018,13,2018-12-02,HOU,CLE,29,13,16,-6.5,6.5,48.0,42
2018,13,2018-12-02,JAX,IND,6,0,6,3.5,-3.5,48.0,6
2018,13,2018-12-02,MIA,BUF,21,17,4,-6.0,6.0,40.5,38
2018,13,2018-12-02,NYG,CHI,30,27,3,4.0,-4.0,44.5,57
2018,13,2018-12-02,TB,CAR,24,17,7,4.0,-4.0,56.0,41
2018,13,2018-11-29,DAL,NO,13,10,3,7.5,-7.5,53.0,23
2018,12,2018-11-26,HOU,TEN,34,17,17,-6.0,6.0,41.0,51
2018,12,2018-11-25,MIN,GB,24,17,7,-4.0,4.0,48.0,41
2018,12,2018-11-25,DEN,PIT,24,17,7,3.5,-3.5,47.5,41
2018,12,2018-11-25,IND,MIA,27,24,3,-10.0,10.0,51.0,51
2018,12,2018-11-25,SD,ARI,45,10,35,-11.0,11.0,44.5,55
2018,12,2018-11-25,BAL,OAK,34,17,17,-11.5,11.5,42.5,51
2018,12,2018-11-25,BUF,JAX,24,21,3,3.5,-3.5,38.0,45
2018,12,2018-11-25,CAR,SEA,27,30,-3,-3.5,3.5,47.0,57
2018,12,2018-11-25,CIN,CLE,20,35,-15,-3.0,3.0,47.5,55
2018,12,2018-11-25,NYJ,NE,13,27,-14,9.5,-9.5,46.5,40
2018,12,2018-11-25,PHI,NYG,25,22,3,-4.5,4.5,46.0,47
2018,12,2018-11-25,TB,SF,27,9,18,-3.5,3.5,55.0,36
2018,12,2018-11-22,NO,ATL,31,17,14,-12.5,12.5,59.0,48
2018,12,2018-11-22,DAL,WAS,31,23,8,-8.0,8.0,41.0,54
2018,12,2018-11-22,DET,CHI,16,23,-7,4.0,-4.0,45.0,39
2018,11,2018-11-19,LARM,KC,54,51,3,-2.5,2.5,63.5,105
2018,11,2018-11-18,CHI,MIN,25,20,5,-3.0,3.0,45.5,45
2018,11,2018-11-18,NO,PHI,48,7,41,-9.0,9.0,54.5,55
2018,11,2018-11-18,ARI,OAK,21,23,-2,-4.0,4.0,41.0,44
2018,11,2018-11-18,SD,DEN,22,23,-1,-7.0,7.0,47.0,45
2018,11,2018-11-18,ATL,DAL,19,22,-3,-3.0,3.0,47.5,41
2018,11,2018-11-18,BAL,CIN,24,21,3,-4.0,4.0,43.5,45
2018,11,2018-11-18,DET,CAR,20,19,1,3.5,-3.5,52.0,39
2018,11,2018-11-18,IND,TEN,38,10,28,-3.0,3.0,48.0,48
2018,11,2018-11-18,JAX,PIT,16,20,-4,5.0,-5.0,47.5,36
2018,11,2018-11-18,NYG,TB,38,35,3,-1.0,1.0,52.5,73
2018,11,2018-11-18,WAS,HOU,21,23,-2,2.5,-2.5,43.0,44
2018,11,2018-11-15,SEA,GB,27,24,3,-3.0,3.0,49.5,51
2018,10,2018-11-12,SF,NYG,23,27,-4,-3.0,3.0,43.5,50
2018,10,2018-11-11,PHI,DAL,20,27,-7,-6.5,6.5,43.5,47
2018,10,2018-11-11,GB,MIA,31,12,19,-9.0,9.0,47.5,43
2018,10,2018-11-11,LARM,SEA,36,31,5,-10.0,10.0,51.5,67
2018,10,2018-11-11,OAK,SD,6,20,-14,10.0,-10.0,50.5,26
2018,10,2018-11-11,CHI,DET,34,22,12,-6.5,6.5,45.0,56
2018,10,2018-11-11,CIN,NO,14,51,-37,4.0,-4.0,55.0,65
2018,10,2018-11-11,CLE,ATL,28,16,12,4.0,-4.0,51.0,44
2018,10,2018-11-11,IND,JAX,29,26,3,-3.5,3.5,47.5,55
2018,10,2018-11-11,KC,ARI,26,14,12,-16.5,16.5,50.0,40
2018,10,2018-11-11,NYJ,BUF,10,41,-31,-8.0,8.0,37.0,51
2018,10,2018-11-11,TB,WAS,3,16,-13,-1.0,1.0,51.5,19
2018,10,2018-11-11,TEN,NE,34,10,24,7.0,-7.0,46.5,44
2018,10,2018-11-08,PIT,CAR,52,21,31,-5.0,5.0,50.0,73
2018,9,2018-11-05,DAL,TEN,14,28,-14,-4.5,4.5,42.0,42
2018,9,2018-11-04,NE,GB,31,17,14,-6.5,6.5,56.5,48
2018,9,2018-11-04,NO,LARM,45,35,10,-1.0,1.0,59.0,80
2018,9,2018-11-04,DEN,HOU,17,19,-2,-2.5,2.5,46.5,36
2018,9,2018-11-04,SEA,SD,17,25,-8,-2.0,2.0,48.0,42
2018,9,2018-11-04,BAL,PIT,16,23,-7,-3.0,3.0,47.5,39
2018,9,2018-11-04,BUF,CHI,9,41,-32,8.5,-8.5,37.5,50
2018,9,2018-11-04,CAR,TB,42,28,14,-6.5,6.5,54.0,70
2018,9,2018-11-04,CLE,KC,21,37,-16,8.0,-8.0,52.0,58
2018,9,2018-11-04,MIA,NYJ,13,6,7,-3.0,3.0,45.5,19
2018,9,2018-11-04,MIN,DET,24,9,15,-5.0,5.0,51.0,33
2018,9,2018-11-04,WAS,ATL,14,38,-24,-2.0,2.0,47.5,52
2018,9,2018-11-01,SF,OAK,34,3,31,-3.0,3.0,47.5,37
2018,8,2018-10-29,BUF,NE,6,25,-19,13.0,-13.0,44.5,31
2018,8,2018-10-28,MIN,NO,20,30,-10,-1.5,1.5,52.0,50
2018,8,2018-10-28,ARI,SF,18,15,3,-1.0,1.0,43.5,33
2018,8,2018-10-28,LARM,GB,29,27,2,-9.0,9.0,56.5,56
2018,8,2018-10-28,OAK,IND,28,42,-14,1.5,-1.5,51.0,70
2018,8,2018-10-28,CAR,BAL,36,21,15,1.5,-1.5,43.5,57
2018,8,2018-10-28,CHI,NYJ,24,10,14,-7.0,7.0,46.0,34
2018,8,2018-10-28,CIN,TB,37,34,3,-6.0,6.0,53.5,71
2018,8,2018-10-28,DET,SEA,14,28,-14,-3.0,3.0,49.0,42
2018,8,2018-10-28,KC,DEN,30,23,7,-10.0,10.0,55.5,53
2018,8,2018-10-28,NYG,WAS,13,20,-7,1.0,-1.0,42.0,33
2018,8,2018-10-28,PIT,CLE,33,18,15,-7.0,7.0,50.5,51
2018,8,2018-10-28,JAX,PHI,18,24,-6,3.0,-3.0,41.0,42
2018,8,2018-10-25,HOU,MIA,42,23,19,-6.5,6.5,45.5,65
2018,7,2018-10-22,ATL,NYG,23,20,3,-5.5,5.5,54.0,43
2018,7,2018-10-21,SF,LARM,10,39,-29,10.0,-10.0,52.5,49
2018,7,2018-10-21,WAS,DAL,20,17,3,-2.0,2.0,42.0,37
2018,7,2018-10-21,BAL,NO,23,24,-1,-2.5,2.5,50.0,47
2018,7,2018-10-21,CHI,NE,31,38,-7,2.5,-2.5,50.0,69
2018,7,2018-10-21,IND,BUF,37,5,32,-7.5,7.5,43.5,42
2018,7,2018-10-21,JAX,HOU,7,20,-13,-4.0,4.0,43.0,27
2018,7,2018-10-21,KC,CIN,45,10,35,-5.5,5.5,58.5,55
2018,7,2018-10-21,MIA,DET,21,32,-11,3.0,-3.0,46.5,53
2018,7,2018-10-21,NYJ,MIN,17,37,-20,3.0,-3.0,47.0,54
2018,7,2018-10-21,PHI,CAR,17,21,-4,-3.5,3.5,45.0,38
2018,7,2018-10-21,TB,CLE,26,23,3,-3.0,3.0,49.0,49
2018,7,2018-10-21,SD,TEN,20,19,1,-6.0,6.0,45.0,39
2018,7,2018-10-18,ARI,DEN,10,45,-35,1.5,-1.5,40.0,55
2018,6,2018-10-15,GB,SF,33,30,3,-9.5,9.5,46.5,63
2018,6,2018-10-14,NE,KC,43,40,3,-3.0,3.0,58.5,83
2018,6,2018-10-14,DAL,JAX,40,7,33,3.0,-3.0,41.0,47
2018,6,2018-10-14,TEN,BAL,0,21,-21,1.5,-1.5,42.0,21
2018,6,2018-10-14,DEN,LARM,20,23,-3,7.0,-7.0,52.5,43
2018,6,2018-10-14,OAK,SEA,3,27,-24,3.0,-3.0,47.0,30
2018,6,2018-10-14,ATL,TB,34,29,5,-3.5,3.5,57.5,63
2018,6,2018-10-14,CIN,PIT,21,28,-7,-2.5,2.5,54.5,49
2018,6,2018-10-14,CLE,SD,14,38,-24,1.5,-1.5,46.0,52
2018,6,2018-10-14,HOU,BUF,20,13,7,-9.5,9.5,41.0,33
2018,6,2018-10-14,MIA,CHI,31,28,3,3.0,-3.0,44.0,59
2018,6,2018-10-14,MIN,ARI,27,17,10,-10.5,10.5,43.0,44
2018,6,2018-10-14,NYJ,IND,42,34,8,-3.0,3.0,45.5,76
2018,6,2018-10-14,WAS,CAR,23,17,6,-1.0,1.0,45.0,40
2018,6,2018-10-11,NYG,PHI,13,34,-21,2.5,-2.5,45.0,47
2018,5,2018-10-08,NO,WAS,43,19,24,-6.5,6.5,51.5,62
2018,5,2018-10-07,HOU,DAL,19,16,3,-3.0,3.0,45.0,35
2018,5,2018-10-07,PHI,MIN,21,23,-2,-3.0,3.0,44.5,44
2018,5,2018-10-07,SEA,LARM,31,33,-2,7.0,-7.0,49.0,64
2018,5,2018-10-07,SF,ARI,18,28,-10,-5.5,5.5,41.0,46
2018,5,2018-10-07,SD,OAK,26,10,16,-6.5,6.5,51.5,36
2018,5,2018-10-07,BUF,TEN,13,12,1,3.0,-3.0,39.5,25
2018,5,2018-10-07,CAR,NYG,33,31,2,-6.0,6.0,44.0,64
2018,5,2018-10-07,CIN,MIA,27,17,10,-5.5,5.5,50.0,44
2018,5,2018-10-07,CLE,BAL,12,9,3,3.0,-3.0,47.0,21
2018,5,2018-10-07,DET,GB,31,23,8,1.0,-1.0,51.0,54
2018,5,2018-10-07,KC,JAX,30,14,16,-3.0,3.0,48.5,44
2018,5,2018-10-07,NYJ,DEN,34,16,18,-2.5,2.5,43.0,50
2018,5,2018-10-07,PIT,ATL,41,17,24,-3.0,3.0,56.5,58
2018,5,2018-10-04,NE,IND,38,24,14,-10.0,10.0,53.0,62
2018,4,2018-10-01,DEN,KC,23,27,-4,4.0,-4.0,55.0,50
2018,4,2018-09-30,PIT,BAL,14,26,-12,-3.5,3.5,51.0,40
2018,4,2018-09-30,SD,SF,29,27,2,-9.5,9.5,47.0,56
2018,4,2018-09-30,NYG,NO,18,33,-15,3.5,-3.5,50.0,51
2018,4,2018-09-30,ARI,SEA,17,20,-3,3.0,-3.0,37.5,37
2018,4,2018-09-30,OAK,CLE,45,42,3,-2.5,2.5,44.5,87
2018,4,2018-09-30,ATL,CIN,36,37,-1,-5.5,5.5,48.0,73
2018,4,2018-09-30,CHI,TB,48,10,38,-3.0,3.0,46.5,58
2018,4,2018-09-30,DAL,DET,26,24,2,-3.0,3.0,44.0,50
2018,4,2018-09-30,GB,BUF,22,0,22,-10.5,10.5,44.5,22
2018,4,2018-09-30,IND,HOU,34,37,-3,-2.5,2.5,47.0,71
2018,4,2018-09-30,JAX,NYJ,31,12,19,-8.5,8.5,38.0,43
2018,4,2018-09-30,NE,MIA,38,7,31,-7.0,7.0,48.0,45
2018,4,2018-09-30,TEN,PHI,26,23,3,3.0,-3.0,42.0,49
2018,4,2018-09-27,LARM,MIN,38,31,7,-7.0,7.0,48.0,69
2018,3,2018-09-24,TB,PIT,27,30,-3,2.5,-2.5,52.0,57
2018,3,2018-09-23,DET,NE,26,10,16,6.5,-6.5,50.0,36
2018,3,2018-09-23,ARI,CHI,14,16,-2,6.0,-6.0,37.5,30
2018,3,2018-09-23,SEA,DAL,24,13,11,-1.0,1.0,41.5,37
2018,3,2018-09-23,LARM,SD,35,23,12,-6.5,6.5,48.0,58
2018,3,2018-09-23,ATL,NO,37,43,-6,-3.0,3.0,53.0,80
2018,3,2018-09-23,BAL,DEN,27,14,13,-4.5,4.5,43.5,41
2018,3,2018-09-23,CAR,CIN,31,21,10,-3.0,3.0,43.5,52
2018,3,2018-09-23,HOU,NYG,22,27,-5,-6.0,6.0,41.5,49
2018,3,2018-09-23,JAX,TEN,6,9,-3,-10.0,10.0,40.0,15
2018,3,2018-09-23,KC,SF,38,27,11,-6.0,6.0,55.0,65
2018,3,2018-09-23,MIA,OAK,28,20,8,-3.0,3.0,43.5,48
2018,3,2018-09-23,MIN,BUF,6,27,-21,-16.5,16.5,40.5,33
2018,3,2018-09-23,PHI,IND,20,16,4,-6.5,6.5,47.5,36
2018,3,2018-09-23,WAS,GB,31,17,14,3.0,-3.0,47.5,48
2018,3,2018-09-20,CLE,NYJ,21,17,4,-3.0,3.0,39.5,38
2018,2,2018-09-17,CHI,SEA,24,17,7,-3.5,3.5,43.5,41
2018,2,2018-09-16,DAL,NYG,20,13,7,-3.0,3.0,44.0,33
2018,2,2018-09-16,DEN,OAK,20,19,1,-6.0,6.0,45.0,39
2018,2,2018-09-16,JAX,NE,31,20,11,2.5,-2.5,45.0,51
2018,2,2018-09-16,LARM,ARI,34,0,34,-13.0,13.0,46.5,34
2018,2,2018-09-16,SF,DET,30,27,3,-5.5,5.5,47.5,57
2018,2,2018-09-16,ATL,CAR,31,24,7,-4.5,4.5,44.0,55
2018,2,2018-09-16,BUF,SD,20,31,-11,7.5,-7.5,44.0,51
2018,2,2018-09-16,GB,MIN,29,29,0,-1.5,1.5,46.5,58
2018,2,2018-09-16,NO,CLE,21,18,3,-8.0,8.0,49.5,39
2018,2,2018-09-16,NYJ,MIA,12,20,-8,-3.0,3.0,44.0,32
2018,2,2018-09-16,PIT,KC,37,42,-5,-4.5,4.5,49.5,79
2018,2,2018-09-16,TB,PHI,27,21,6,3.0,-3.0,44.0,48
2018,2,2018-09-16,TEN,HOU,20,17,3,2.0,-2.0,45.0,37
2018,2,2018-09-16,WAS,IND,9,21,-12,-5.5,5.5,47.5,30
2018,2,2018-09-13,CIN,BAL,34,23,11,1.0,-1.0,44.0,57
2018,1,2018-09-10,OAK,LARM,13,33,-20,3.0,-3.0,49.5,46
2018,1,2018-09-10,DET,NYJ,17,48,-31,-6.5,6.5,44.0,65
2018,1,2018-09-09,GB,CHI,24,23,1,-8.0,8.0,47.5,47
2018,1,2018-09-09,ARI,WAS,6,24,-18,-1.0,1.0,44.0,30
2018,1,2018-09-09,CAR,DAL,16,8,8,-2.5,2.5,44.0,24
2018,1,2018-09-09,DEN,SEA,27,24,3,-2.5,2.5,42.0,51
2018,1,2018-09-09,SD,KC,28,38,-10,-3.0,3.0,47.0,66
2018,1,2018-09-09,BAL,BUF,47,3,44,-6.0,6.0,41.0,50
2018,1,2018-09-09,CLE,PIT,21,21,0,5.5,-5.5,46.5,42
2018,1,2018-09-09,IND,CIN,23,34,-11,-3.0,3.0,46.0,57
2018,1,2018-09-09,MIA,TEN,27,20,7,1.5,-1.5,45.0,47
2018,1,2018-09-09,MIN,SF,24,16,8,-5.5,5.5,46.0,40
2018,1,2018-09-09,NE,HOU,27,20,7,-6.5,6.5,51.0,47
2018,1,2018-09-09,NO,TB,40,48,-8,-9.5,9.5,49.5,88
2018,1,2018-09-09,NYG,JAX,15,20,-5,3.0,-3.0,43.5,35
2018,1,2018-09-06,PHI,ATL,18,12,6,-4.0,4.0,46.0,30
2017,21,2018-02-04,NE,PHI,33,41,-8,-6.0,6.0,47.5,74
2017,20,2018-01-21,PHI,MIN,38,7,31,3.5,-3.5,37.5,45
2017,20,2018-01-21,NE,JAX,24,20,4,-9.5,9.5,47.0,44
2017,19,2018-01-14,MIN,NO,29,24,5,-3.5,3.5,44.5,53
2017,19,2018-01-14,PIT,JAX,42,45,-3,-7.5,7.5,41.0,87
2017,19,2018-01-13,NE,TEN,35,14,21,-13.5,13.5,47.0,49
2017,19,2018-01-13,PHI,ATL,15,10,5,2.5,-2.5,43.5,25
2017,18,2018-01-07,NO,CAR,31,26,5,-6.0,6.0,48.5,57
2017,18,2018-01-07,JAX,BUF,10,3,7,-7.5,7.5,40.0,13
2017,18,2018-01-06,LARM,ATL,13,26,-13,-6.0,6.0,50.5,39
2017,18,2018-01-06,KC,TEN,21,22,-1,-7.5,7.5,45.5,43
2017,17,2017-12-31,DEN,KC,24,27,-3,-3.5,3.5,39.0,51
2017,17,2017-12-31,SD,OAK,30,10,20,-9.0,9.0,43.5,40
2017,17,2017-12-31,LARM,SF,13,34,-21,-6.5,6.5,44.0,47
2017,17,2017-12-31,SEA,ARI,24,26,-2,-7.5,7.5,40.5,50
2017,17,2017-12-31,ATL,CAR,22,10,12,-3.5,3.5,47.0,32
2017,17,2017-12-31,BAL,CIN,27,31,-4,-10.0,10.0,40.5,58
2017,17,2017-12-31,DET,GB,35,11,24,-7.5,7.5,42.5,46
2017,17,2017-12-31,IND,HOU,22,13,9,0.0,0.0,43.0,35
2017,17,2017-12-31,MIA,BUF,16,22,-6,3.0,-3.0,42.5,38
2017,17,2017-12-31,MIN,CHI,23,10,13,-12.5,12.5,39.5,33
2017,17,2017-12-31,NE,NYJ,26,6,20,-16.5,16.5,46.0,32
2017,17,2017-12-31,NYG,WAS,18,10,8,3.5,-3.5,38.5,28
2017,17,2017-12-31,PHI,DAL,0,6,-6,0.0,0.0,43.0,6
2017,17,2017-12-31,PIT,CLE,28,24,4,-16.0,16.0,41.0,52
2017,17,2017-12-31,TB,NO,31,24,7,7.5,-7.5,50.5,55
2017,17,2017-12-31,TEN,JAX,15,10,5,-6.0,6.0,41.0,25
2017,16,2017-12-25,PHI,OAK,19,10,9,-9.0,9.0,48.5,29
2017,16,2017-12-25,HOU,PIT,6,34,-28,10.0,-10.0,44.0,40
2017,16,2017-12-24,ARI,NYG,23,0,23,-4.5,4.5,40.0,23
2017,16,2017-12-24,DAL,SEA,12,21,-9,-4.5,4.5,47.0,33
2017,16,2017-12-24,SF,JAX,44,33,11,4.5,-4.5,42.5,77
2017,16,2017-12-24,CAR,TB,22,19,3,-10.0,10.0,46.5,41
2017,16,2017-12-24,CHI,CLE,20,3,17,-7.0,7.0,38.0,23
2017,16,2017-12-24,CIN,DET,26,17,9,4.0,-4.0,43.0,43
2017,16,2017-12-24,KC,MIA,29,13,16,-10.0,10.0,45.0,42
2017,16,2017-12-24,NE,BUF,37,16,21,-12.5,12.5,47.0,53
2017,16,2017-12-24,NO,ATL,23,13,10,-5.5,5.5,52.5,36
2017,16,2017-12-24,NYJ,SD,7,14,-7,7.5,-7.5,42.5,21
2017,16,2017-12-24,TEN,LARM,23,27,-4,6.5,-6.5,49.0,50
2017,16,2017-12-24,WAS,DEN,27,11,16,-4.0,4.0,41.0,38
2017,16,2017-12-23,GB,MIN,0,16,-16,9.0,-9.0,40.5,16
2017,16,2017-12-23,BAL,IND,23,16,7,-13.5,13.5,41.5,39
2017,15,2017-12-18,TB,ATL,21,24,-3,6.0,-6.0,47.5,45
2017,15,2017-12-17,OAK,DAL,17,20,-3,2.5,-2.5,46.0,37
2017,15,2017-12-17,PIT,NE,24,27,-3,2.0,-2.0,53.0,51
2017,15,2017-12-17,SF,TEN,25,23,2,-2.0,2.0,45.0,48
2017,15,2017-12-17,SEA,LARM,7,42,-35,0.0,0.0,47.5,49
2017,15,2017-12-17,BUF,MIA,24,16,8,-3.5,3.5,39.0,40
2017,15,2017-12-17,CAR,GB,31,24,7,-3.0,3.0,45.5,55
2017,15,2017-12-17,CLE,BAL,10,27,-17,7.5,-7.5,40.0,37
2017,15,2017-12-17,JAX,HOU,45,7,38,-11.0,11.0,39.5,52
2017,15,2017-12-17,MIN,CIN,34,7,27,-11.5,11.5,41.0,41
2017,15,2017-12-17,NO,NYJ,31,19,12,-14.5,14.5,47.0,50
2017,15,2017-12-17,NYG,PHI,29,34,-5,7.5,-7.5,40.0,63
2017,15,2017-12-17,WAS,ARI,20,15,5,-4.0,4.0,44.0,35
2017,15,2017-12-16,KC,SD,30,13,17,0.0,0.0,45.5,43
2017,15,2017-12-16,DET,CHI,20,10,10,-6.5,6.5,43.5,30
2017,15,2017-12-14,IND,DEN,13,25,-12,1.5,-1.5,41.0,38
2017,14,2017-12-11,MIA,NE,27,20,7,12.0,-12.0,48.5,47
2017,14,2017-12-10,PIT,BAL,39,38,1,-6.0,6.0,43.5,77
2017,14,2017-12-10,LARM,PHI,35,43,-8,-1.0,1.0,51.0,78
2017,14,2017-12-10,NYG,DAL,10,30,-20,6.0,-6.0,41.0,40
2017,14,2017-12-10,ARI,TEN,12,7,5,3.0,-3.0,44.5,19
2017,14,2017-12-10,DEN,NYJ,23,0,23,1.0,-1.0,40.5,23
2017,14,2017-12-10,SD,WAS,30,13,17,-6.5,6.5,46.0,43
2017,14,2017-12-10,BUF,IND,13,7,6,-3.5,3.5,39.5,20
2017,14,2017-12-10,CAR,MIN,31,24,7,2.0,-2.0,42.0,55
2017,14,2017-12-10,CIN,CHI,7,33,-26,-6.0,6.0,37.0,40
2017,14,2017-12-10,CLE,GB,21,27,-6,4.0,-4.0,41.0,48
2017,14,2017-12-10,HOU,SF,16,26,-10,-1.5,1.5,42.5,42
2017,14,2017-12-10,JAX,SEA,30,24,6,-3.0,3.0,39.0,54
2017,14,2017-12-10,KC,OAK,26,15,11,-4.0,4.0,47.5,41
2017,14,2017-12-10,TB,DET,21,24,-3,2.0,-2.0,43.0,45
2017,14,2017-12-07,ATL,NO,20,17,3,-1.5,1.5,54.5,37
2017,13,2017-12-04,CIN,PIT,20,23,-3,6.0,-6.0,43.5,43
2017,13,2017-12-03,SEA,PHI,24,10,14,3.5,-3.5,48.0,34
2017,13,2017-12-03,ARI,LARM,16,32,-16,6.5,-6.5,45.5,48
2017,13,2017-12-03,OAK,NYG,24,17,7,-7.5,7.5,40.5,41
2017,13,2017-12-03,SD,CLE,19,10,9,-13.0,13.0,42.5,29
2017,13,2017-12-03,ATL,MIN,9,14,-5,-3.0,3.0,47.0,23
2017,13,2017-12-03,BAL,DET,44,20,24,-3.0,3.0,40.0,64
2017,13,2017-12-03,BUF,NE,3,23,-20,7.5,-7.5,49.5,26
2017,13,2017-12-03,CHI,SF,14,15,-1,-4.0,4.0,39.5,29
2017,13,2017-12-03,GB,TB,26,20,6,1.5,-1.5,44.0,46
2017,13,2017-12-03,JAX,IND,30,10,20,-8.5,8.5,40.5,40
2017,13,2017-12-03,MIA,DEN,35,9,26,1.0,-1.0,38.0,44
2017,13,2017-12-03,NO,CAR,31,21,10,-4.0,4.0,48.0,52
2017,13,2017-12-03,NYJ,KC,38,31,7,4.0,-4.0,43.5,69
2017,13,2017-12-03,TEN,HOU,24,13,11,-7.5,7.5,42.0,37
2017,13,2017-11-30,DAL,WAS,38,14,24,-1.5,1.5,44.5,52
2017,12,2017-11-27,BAL,HOU,23,16,7,-7.5,7.5,38.0,39
2017,12,2017-11-26,PIT,GB,31,28,3,-13.5,13.5,41.5,59
2017,12,2017-11-26,ARI,JAX,27,24,3,4.0,-4.0,38.0,51
2017,12,2017-11-26,OAK,DEN,21,14,7,-5.0,5.0,43.0,35
2017,12,2017-11-26,LARM,NO,26,20,6,-2.5,2.5,54.0,46
2017,12,2017-11-26,SF,SEA,13,24,-11,7.0,-7.0,42.0,37
2017,12,2017-11-26,ATL,TB,34,20,14,-10.0,10.0,49.0,54
2017,12,2017-11-26,CIN,CLE,30,16,14,-8.0,8.0,38.0,46
2017,12,2017-11-26,IND,TEN,16,20,-4,4.5,-4.5,44.0,36
2017,12,2017-11-26,KC,BUF,10,16,-6,-9.5,9.5,45.0,26
2017,12,2017-11-26,NE,MIA,35,17,18,-17.0,17.0,47.5,52
2017,12,2017-11-26,NYJ,CAR,27,35,-8,4.5,-4.5,39.5,62
2017,12,2017-11-26,PHI,CHI,31,3,28,-13.5,13.5,44.0,34
2017,12,2017-11-23,WAS,NYG,20,10,10,-7.5,7.5,44.5,30
2017,12,2017-11-23,DAL,SD,6,28,-22,-2.5,2.5,48.0,34
2017,12,2017-11-23,DET,MIN,23,30,-7,-1.0,1.0,44.5,53
2017,11,2017-11-20,SEA,ATL,31,34,-3,-3.0,3.0,45.0,65
2017,11,2017-11-19,DAL,PHI,9,37,-28,3.5,-3.5,47.0,46
2017,11,2017-11-19,DEN,CIN,17,20,-3,-2.5,2.5,40.0,37
2017,11,2017-11-19,OAK,NE,8,33,-25,5.5,-5.5,50.0,41
2017,11,2017-11-19,SD,BUF,54,24,30,-4.5,4.5,43.5,78
2017,11,2017-11-19,CHI,DET,24,27,-3,3.0,-3.0,44.0,51
2017,11,2017-11-19,CLE,JAX,7,19,-12,7.5,-7.5,38.0,26
2017,11,2017-11-19,GB,BAL,0,23,-23,2.0,-2.0,38.5,23
2017,11,2017-11-19,HOU,ARI,31,21,10,0.0,0.0,38.5,52
2017,11,2017-11-19,MIA,TB,20,30,-10,0.0,0.0,40.0,50
2017,11,2017-11-19,MIN,LARM,24,7,17,-2.5,2.5,46.0,31
2017,11,2017-11-19,NO,WAS,34,31,3,-7.5,7.5,50.0,65
2017,11,2017-11-19,NYG,KC,12,9,3,11.0,-11.0,43.5,21
2017,11,2017-11-16,PIT,TEN,40,17,23,-7.0,7.0,44.0,57
2017,10,2017-11-13,CAR,MIA,45,21,24,-10.0,10.0,39.5,66
2017,10,2017-11-12,DEN,NE,16,41,-25,7.5,-7.5,46.0,57
2017,10,2017-11-12,ATL,DAL,27,7,20,-3.0,3.0,50.5,34
2017,10,2017-11-12,SF,NYG,31,21,10,-1.0,1.0,42.0,52
2017,10,2017-11-12,LARM,HOU,33,7,26,-11.5,11.5,47.0,40
2017,10,2017-11-12,BUF,NO,10,47,-37,2.0,-2.0,48.5,57
2017,10,2017-11-12,CHI,GB,16,23,-7,-4.5,4.5,38.0,39
2017,10,2017-11-12,DET,CLE,38,24,14,-13.0,13.0,43.5,62
2017,10,2017-11-12,IND,PIT,17,20,-3,10.5,-10.5,43.0,37
2017,10,2017-11-12,JAX,SD,20,17,3,-4.0,4.0,41.5,37
2017,10,2017-11-12,TB,NYJ,15,10,5,2.5,-2.5,41.0,25
2017,10,2017-11-12,TEN,CIN,24,20,4,-5.5,5.5,40.5,44
2017,10,2017-11-12,WAS,MIN,30,38,-8,2.0,-2.0,42.5,68
2017,10,2017-11-08,ARI,SEA,16,22,-6,6.0,-6.0,42.5,38
2017,9,2017-11-06,GB,DET,17,30,-13,2.5,-2.5,43.0,47
2017,9,2017-11-05,MIA,OAK,24,27,-3,2.5,-2.5,43.5,51
2017,9,2017-11-05,DAL,KC,28,17,11,0.0,0.0,51.0,45
2017,9,2017-11-05,SF,ARI,10,20,-10,2.5,-2.5,39.0,30
2017,9,2017-11-05,SEA,WAS,14,17,-3,-7.0,7.0,45.0,31
2017,9,2017-11-05,CAR,ATL,20,17,3,-2.0,2.0,44.0,37
2017,9,2017-11-05,HOU,IND,14,20,-6,-13.0,13.0,48.0,34
2017,9,2017-11-05,JAX,CIN,23,7,16,-3.5,3.5,39.5,30
2017,9,2017-11-05,NO,TB,30,10,20,-7.0,7.0,50.0,40
2017,9,2017-11-05,NYG,LARM,17,51,-34,3.5,-3.5,43.5,68
2017,9,2017-11-05,PHI,DEN,51,23,28,-7.5,7.5,43.5,74
2017,9,2017-11-05,TEN,BAL,23,20,3,-3.5,3.5,43.0,43
2017,9,2017-11-02,NYJ,BUF,34,21,13,3.5,-3.5,42.0,55
2017,8,2017-10-30,KC,DEN,29,19,10,-7.5,7.5,42.0,48
2017,8,2017-10-29,DET,PIT,15,20,-5,3.0,-3.0,45.0,35
2017,8,2017-10-29,WAS,DAL,19,33,-14,0.0,0.0,50.5,52
2017,8,2017-10-29,SEA,HOU,41,38,3,-5.5,5.5,42.0,79
2017,8,2017-10-29,BUF,OAK,34,14,20,-3.0,3.0,46.0,48
2017,8,2017-10-29,CIN,IND,24,23,1,-10.0,10.0,41.0,47
2017,8,2017-10-29,NE,SD,21,13,8,-7.0,7.0,49.0,34
2017,8,2017-10-29,NO,CHI,20,12,8,-9.0,9.0,48.0,32
2017,8,2017-10-29,NYJ,ATL,20,25,-5,4.5,-4.5,46.5,45
2017,8,2017-10-29,PHI,SF,33,10,23,-13.0,13.0,47.5,43
2017,8,2017-10-29,TB,CAR,3,17,-14,-2.5,2.5,44.0,20
2017,8,2017-10-29,CLE,MIN,16,33,-17,8.5,-8.5,37.5,49
2017,8,2017-10-26,BAL,MIA,40,0,40,-3.0,3.0,37.5,40
2017,7,2017-10-23,PHI,WAS,34,24,10,-5.5,5.5,48.5,58
2017,7,2017-10-22,NE,ATL,23,7,16,-4.5,4.5,54.0,30
2017,7,2017-10-22,SD,DEN,21,0,21,-1.0,1.0,41.5,21
2017,7,2017-10-22,NYG,SEA,7,24,-17,8.0,-8.0,38.5,31
2017,7,2017-10-22,SF,DAL,10,40,-30,6.0,-6.0,47.0,50
2017,7,2017-10-22,BUF,TB,30,27,3,-3.0,3.0,44.0,57
2017,7,2017-10-22,CHI,CAR,17,3,14,3.5,-3.5,41.5,20
2017,7,2017-10-22,CLE,TEN,9,12,-3,5.5,-5.5,46.5,21
2017,7,2017-10-22,GB,NO,17,26,-9,4.5,-4.5,47.5,43
2017,7,2017-10-22,IND,JAX,0,27,-27,3.0,-3.0,43.5,27
2017,7,2017-10-22,LARM,ARI,33,0,33,-3.5,3.5,47.0,33
2017,7,2017-10-22,MIA,NYJ,31,28,3,-4.0,4.0,39.0,59
2017,7,2017-10-22,MIN,BAL,24,16,8,-4.5,4.5,39.5,40
2017,7,2017-10-22,PIT,CIN,29,14,15,-6.0,6.0,42.0,43
2017,7,2017-10-19,OAK,KC,31,30,1,3.0,-3.0,47.5,61
2017,6,2017-10-16,TEN,IND,36,22,14,-8.0,8.0,48.0,58
2017,6,2017-10-15,DEN,NYG,10,23,-13,-10.0,10.0,40.5,33
2017,6,2017-10-15,KC,PIT,13,19,-6,-4.0,4.0,46.0,32
2017,6,2017-10-15,OAK,SD,16,17,-1,-3.5,3.5,50.5,33
2017,6,2017-10-15,ARI,TB,38,33,5,2.0,-2.0,44.0,71
2017,6,2017-10-15,JAX,LARM,17,27,-10,-2.5,2.5,44.0,44
2017,6,2017-10-15,ATL,MIA,17,20,-3,-10.0,10.0,48.0,37
2017,6,2017-10-15,BAL,CHI,24,27,-3,-6.5,6.5,39.5,51
2017,6,2017-10-15,HOU,CLE,33,17,16,-9.5,9.5,44.0,50
2017,6,2017-10-15,MIN,GB,23,10,13,3.0,-3.0,46.5,33
2017,6,2017-10-15,NO,DET,52,38,14,-3.5,3.5,50.5,90
2017,6,2017-10-15,NYJ,NE,17,24,-7,9.5,-9.5,47.5,41
2017,6,2017-10-15,WAS,SF,26,24,2,-10.0,10.0,46.5,50
2017,6,2017-10-12,CAR,PHI,23,28,-5,-3.0,3.0,45.0,51
2017,5,2017-10-09,CHI,MIN,17,20,-3,2.0,-2.0,40.5,37
2017,5,2017-10-08,HOU,KC,34,42,-8,0.0,0.0,47.0,76
2017,5,2017-10-08,DAL,GB,31,35,-4,-2.5,2.5,52.5,66
2017,5,2017-10-08,LARM,SEA,10,16,-6,-2.5,2.5,46.0,26
2017,5,2017-10-08,OAK,BAL,17,30,-13,-2.5,2.5,40.0,47
2017,5,2017-10-08,CIN,BUF,20,16,4,-3.0,3.0,39.0,36
2017,5,2017-10-08,CLE,NYJ,14,17,-3,-1.5,1.5,39.0,31
2017,5,2017-10-08,DET,CAR,24,27,-3,-3.0,3.0,43.5,51
2017,5,2017-10-08,IND,SF,26,23,3,-1.5,1.5,43.0,49
2017,5,2017-10-08,MIA,TEN,16,10,6,3.0,-3.0,43.5,26
2017,5,2017-10-08,NYG,SD,22,27,-5,-4.5,4.5,44.5,49
2017,5,2017-10-08,PHI,ARI,34,7,27,-6.0,6.0,45.0,41
2017,5,2017-10-08,PIT,JAX,9,30,-21,-8.5,8.5,44.5,39
2017,5,2017-10-05,TB,NE,14,19,-5,4.5,-4.5,54.0,33
2017,4,2017-10-02,KC,WAS,29,20,9,-7.0,7.0,49.5,49
2017,4,2017-10-01,SEA,IND,46,18,28,-13.5,13.5,41.5,64
2017,4,2017-10-01,DEN,OAK,16,10,6,-2.5,2.5,46.5,26
2017,4,2017-10-01,ARI,SF,18,15,3,-7.0,7.0,44.5,33
2017,4,2017-10-01,SD,PHI,24,26,-2,-1.0,1.0,46.5,50
2017,4,2017-10-01,TB,NYG,25,23,2,-4.0,4.0,44.0,48
2017,4,2017-10-01,ATL,BUF,17,23,-6,-8.0,8.0,48.5,40
2017,4,2017-10-01,BAL,PIT,9,26,-17,2.5,-2.5,45.0,35
2017,4,2017-10-01,CLE,CIN,7,31,-24,3.5,-3.5,40.0,38
2017,4,2017-10-01,DAL,LARM,30,35,-5,-7.5,7.5,46.5,65
2017,4,2017-10-01,HOU,TEN,57,14,43,1.5,-1.5,43.5,71
2017,4,2017-10-01,MIN,DET,7,14,-7,-1.5,1.5,42.5,21
2017,4,2017-10-01,NE,CAR,30,33,-3,-8.5,8.5,48.0,63
2017,4,2017-10-01,NYJ,JAX,23,20,3,3.5,-3.5,39.5,43
2017,4,2017-09-30,MIA,NO,0,20,-20,2.5,-2.5,50.0,20
2017,4,2017-09-28,GB,CHI,35,14,21,-7.5,7.5,45.5,49
2017,3,2017-09-25,ARI,DAL,17,28,-11,3.5,-3.5,47.5,45
2017,3,2017-09-24,WAS,OAK,27,10,17,3.5,-3.5,53.0,37
2017,3,2017-09-24,GB,CIN,27,24,3,-10.0,10.0,44.5,51
2017,3,2017-09-24,SD,KC,10,24,-14,2.5,-2.5,45.5,34
2017,3,2017-09-24,TEN,SEA,33,27,6,-2.5,2.5,43.0,60
2017,3,2017-09-24,BUF,DEN,26,16,10,2.0,-2.0,41.0,42
2017,3,2017-09-24,CAR,NO,13,34,-21,-6.0,6.0,49.0,47
2017,3,2017-09-24,CHI,PIT,23,17,6,7.5,-7.5,45.5,40
2017,3,2017-09-24,DET,ATL,26,30,-4,3.0,-3.0,48.5,56
2017,3,2017-09-24,IND,CLE,31,28,3,1.0,-1.0,40.5,59
2017,3,2017-09-24,MIN,TB,34,17,17,2.5,-2.5,39.5,51
2017,3,2017-09-24,NE,HOU,36,33,3,-13.0,13.0,43.5,69
2017,3,2017-09-24,NYJ,MIA,20,6,14,6.0,-6.0,41.5,26
2017,3,2017-09-24,PHI,NYG,27,24,3,-5.0,5.0,43.5,51
2017,3,2017-09-23,JAX,BAL,44,7,37,4.0,-4.0,40.5,51
2017,3,2017-09-21,SF,LARM,39,41,-2,2.5,-2.5,41.0,80
2017,2,2017-09-18,NYG,DET,10,24,-14,-4.5,4.5,43.5,34
2017,2,2017-09-17,ATL,GB,34,23,11,-2.0,2.0,53.5,57
2017,2,2017-09-17,DEN,DAL,42,17,25,2.0,-2.0,43.0,59
2017,2,2017-09-17,LARM,WAS,20,27,-7,-3.0,3.0,46.0,47
2017,2,2017-09-17,SEA,SF,12,9,3,-12.0,12.0,43.0,21
2017,2,2017-09-17,SD,MIA,17,19,-2,-5.0,5.0,45.0,36
2017,2,2017-09-17,OAK,NYJ,45,20,25,-14.0,14.0,43.5,65
2017,2,2017-09-17,BAL,CLE,24,10,14,-7.5,7.5,41.0,34
2017,2,2017-09-17,CAR,BUF,9,3,6,-7.0,7.0,42.5,12
2017,2,2017-09-17,IND,ARI,13,16,-3,7.0,-7.0,44.0,29
2017,2,2017-09-17,JAX,TEN,16,37,-21,0.0,0.0,44.0,53
2017,2,2017-09-17,KC,PHI,27,20,7,-4.5,4.5,47.5,47
2017,2,2017-09-17,NO,NE,20,36,-16,4.5,-4.5,54.0,56
2017,2,2017-09-17,PIT,MIN,26,9,17,-7.0,7.0,45.0,35
2017,2,2017-09-17,TB,CHI,29,7,22,-6.5,6.5,43.0,36
2017,2,2017-09-14,CIN,HOU,9,13,-4,-3.0,3.0,38.5,22
2017,1,2017-09-11,DEN,SD,24,21,3,-3.5,3.5,44.0,45
2017,1,2017-09-11,MIN,NO,29,19,10,-3.5,3.5,48.0,48
2017,1,2017-09-10,DAL,NYG,19,3,16,-3.5,3.5,48.5,22
2017,1,2017-09-10,GB,SEA,17,9,8,-3.0,3.0,49.5,26
2017,1,2017-09-10,SF,CAR,3,23,-20,6.0,-6.0,48.0,26
2017,1,2017-09-10,LARM,IND,46,9,37,-3.0,3.0,42.0,55
2017,1,2017-09-10,BUF,NYJ,21,12,9,-7.0,7.0,42.0,33
2017,1,2017-09-10,CHI,ATL,17,23,-6,7.0,-7.0,50.5,40
2017,1,2017-09-10,CIN,BAL,0,20,-20,-3.0,3.0,42.5,20
2017,1,2017-09-10,CLE,PIT,18,21,-3,9.0,-9.0,47.0,39
2017,1,2017-09-10,DET,ARI,35,23,12,-1.0,1.0,48.0,58
2017,1,2017-09-10,HOU,JAX,7,29,-22,-4.5,4.5,40.5,36
2017,1,2017-09-10,TEN,OAK,16,26,-10,-1.0,1.0,51.5,42
2017,1,2017-09-10,WAS,PHI,17,30,-13,-1.0,1.0,48.0,47
2017,1,2017-09-07,NE,KC,27,42,-15,-8.0,8.0,48.0,69
2016,21,2017-02-05,ATL,NE,28,34,-6,0.0,0.0,56.5,62
2016,20,2017-01-22,NE,PIT,36,17,19,-5.5,5.5,51.0,53
2016,20,2017-01-22,ATL,GB,44,21,23,-4.0,4.0,61.0,65
2016,19,2017-01-15,DAL,GB,31,34,-3,-4.0,4.0,52.0,65
2016,19,2017-01-15,KC,PIT,16,18,-2,0.0,0.0,46.0,34
2016,19,2017-01-14,NE,HOU,34,16,18,-16.0,16.0,44.5,50
2016,19,2017-01-14,ATL,SEA,36,20,16,-4.0,4.0,49.5,56
2016,18,2017-01-08,GB,NYG,38,13,25,-5.5,5.5,45.5,51
2016,18,2017-01-08,PIT,MIA,30,12,18,-8.5,8.5,47.5,42
2016,18,2017-01-07,SEA,DET,26,6,20,-7.5,7.5,43.0,32
2016,18,2017-01-07,HOU,OAK,27,14,13,-3.0,3.0,39.5,41
2016,17,2017-01-01,DEN,OAK,24,6,18,-3.5,3.5,41.5,30
2016,17,2017-01-01,LARM,ARI,6,44,-38,7.0,-7.0,40.5,50
2016,17,2017-01-01,SD,KC,27,37,-10,4.0,-4.0,45.0,64
2016,17,2017-01-01,SF,SEA,23,25,-2,9.5,-9.5,44.0,48
2016,17,2017-01-01,WAS,NYG,10,19,-9,-8.0,8.0,44.0,29
2016,17,2017-01-01,ATL,NO,38,32,6,-7.0,7.0,55.5,70
2016,17,2017-01-01,CIN,BAL,27,10,17,-2.5,2.5,41.0,37
2016,17,2017-01-01,DET,GB,24,31,-7,3.5,-3.5,48.0,55
2016,17,2017-01-01,IND,JAX,24,20,4,-6.0,6.0,48.0,44
2016,17,2017-01-01,MIA,NE,14,35,-21,7.5,-7.5,44.5,49
2016,17,2017-01-01,MIN,CHI,38,10,28,-6.5,6.5,41.0,48
2016,17,2017-01-01,NYJ,BUF,30,10,20,6.0,-6.0,44.0,40
2016,17,2017-01-01,PHI,DAL,27,13,14,-3.5,3.5,43.0,40
2016,17,2017-01-01,PIT,CLE,27,24,3,-10.0,10.0,44.5,51
2016,17,2017-01-01,TB,CAR,17,16,1,-4.0,4.0,47.5,33
2016,17,2017-01-01,TEN,HOU,24,17,7,-3.0,3.0,40.5,41
2016,16,2016-12-26,DAL,DET,42,21,21,-7.5,7.5,41.5,63
2016,16,2016-12-25,KC,DEN,33,10,23,-4.0,4.0,38.0,43
2016,16,2016-12-25,PIT,BAL,31,27,4,-4.0,4.0,44.5,58
2016,16,2016-12-24,HOU,CIN,12,10,2,-2.5,2.5,41.5,22
2016,16,2016-12-24,LARM,SF,21,22,-1,-3.0,3.0,41.0,43
2016,16,2016-12-24,SEA,ARI,31,34,-3,-7.5,7.5,43.5,65
2016,16,2016-12-24,OAK,IND,33,25,8,-4.0,4.0,53.0,58
2016,16,2016-12-24,BUF,MIA,31,34,-3,-3.5,3.5,42.0,65
2016,16,2016-12-24,CAR,ATL,16,33,-17,2.0,-2.0,51.5,49
2016,16,2016-12-24,CHI,WAS,21,41,-20,3.0,-3.0,45.0,62
2016,16,2016-12-24,CLE,SD,20,17,3,6.0,-6.0,44.0,37
2016,16,2016-12-24,GB,MIN,38,25,13,-7.0,7.0,43.5,63
2016,16,2016-12-24,JAX,TEN,38,17,21,4.5,-4.5,43.5,55
2016,16,2016-12-24,NE,NYJ,41,3,38,-16.5,16.5,43.5,44
2016,16,2016-12-24,NO,TB,31,24,7,-3.0,3.0,52.5,55
2016,16,2016-12-22,PHI,NYG,24,19,5,3.0,-3.0,42.0,43
2016,15,2016-12-19,WAS,CAR,15,26,-11,-4.5,4.5,51.0,41
2016,15,2016-12-18,CIN,PIT,20,24,-4,3.0,-3.0,44.5,44
2016,15,2016-12-18,DEN,NE,3,16,-13,3.0,-3.0,44.0,19
2016,15,2016-12-18,SD,OAK,16,19,-3,3.0,-3.0,50.0,35
2016,15,2016-12-18,ARI,NO,41,48,-7,-2.5,2.5,50.0,89
2016,15,2016-12-18,ATL,SF,41,13,28,-13.0,13.0,52.0,54
2016,15,2016-12-18,BAL,PHI,27,26,1,-6.0,6.0,41.5,53
2016,15,2016-12-18,BUF,CLE,33,13,20,-10.5,10.5,43.0,46
2016,15,2016-12-18,CHI,GB,27,30,-3,6.5,-6.5,40.5,57
2016,15,2016-12-18,DAL,TB,26,20,6,-7.0,7.0,46.0,46
2016,15,2016-12-18,HOU,JAX,21,20,1,-5.0,5.0,40.5,41
2016,15,2016-12-18,KC,TEN,17,19,-2,-5.0,5.0,43.0,36
2016,15,2016-12-18,MIN,IND,6,34,-28,-3.5,3.5,45.5,40
2016,15,2016-12-18,NYG,DET,17,6,11,-4.0,4.0,43.0,23
2016,15,2016-12-17,NYJ,MIA,13,34,-21,3.0,-3.0,40.5,47
2016,15,2016-12-15,SEA,LARM,24,3,21,-14.0,14.0,39.5,27
2016,14,2016-12-12,NE,BAL,30,23,7,-7.5,7.5,44.5,53
2016,14,2016-12-11,NYG,DAL,10,7,3,3.0,-3.0,47.5,17
2016,14,2016-12-11,GB,SEA,38,10,28,2.5,-2.5,46.5,48
2016,14,2016-12-11,LARM,ATL,14,42,-28,4.5,-4.5,46.0,56
2016,14,2016-12-11,SF,NYJ,17,23,-6,-1.0,1.0,44.5,40
2016,14,2016-12-11,BUF,PIT,20,27,-7,2.0,-2.0,47.5,47
2016,14,2016-12-11,CAR,SD,28,16,12,-1.0,1.0,49.0,44
2016,14,2016-12-11,CLE,CIN,10,23,-13,4.0,-4.0,43.0,33
2016,14,2016-12-11,DET,CHI,20,17,3,-7.5,7.5,43.5,37
2016,14,2016-12-11,IND,HOU,17,22,-5,-6.0,6.0,47.0,39
2016,14,2016-12-11,JAX,MIN,16,25,-9,3.0,-3.0,40.0,41
2016,14,2016-12-11,MIA,ARI,26,23,3,-2.5,2.5,43.5,49
2016,14,2016-12-11,PHI,WAS,22,27,-5,1.0,-1.0,46.5,49
2016,14,2016-12-11,TB,NO,16,11,5,-2.5,2.5,51.0,27
2016,14,2016-12-11,TEN,DEN,13,10,3,-1.5,1.5,43.5,23
2016,14,2016-12-08,KC,OAK,21,13,8,-3.0,3.0,46.5,34
2016,13,2016-12-05,NYJ,IND,10,41,-31,2.0,-2.0,49.0,51
2016,13,2016-12-04,SEA,CAR,40,7,33,-6.5,6.5,45.0,47
2016,13,2016-12-04,ARI,WAS,31,23,8,-2.5,2.5,49.5,54
2016,13,2016-12-04,PIT,NYG,24,14,10,-5.5,5.5,50.0,38
2016,13,2016-12-04,SD,TB,21,28,-7,-3.5,3.5,46.5,49
2016,13,2016-12-04,OAK,BUF,38,24,14,-3.5,3.5,49.5,62
2016,13,2016-12-04,ATL,KC,28,29,-1,-3.5,3.5,49.0,57
2016,13,2016-12-04,BAL,MIA,38,6,32,-3.5,3.5,41.5,44
2016,13,2016-12-04,CHI,SF,26,6,20,-2.5,2.5,42.5,32
2016,13,2016-12-04,CIN,PHI,32,14,18,1.0,-1.0,42.0,46
2016,13,2016-12-04,GB,HOU,21,13,8,-6.5,6.5,45.5,34
2016,13,2016-12-04,JAX,DEN,10,20,-10,4.5,-4.5,43.0,30
2016,13,2016-12-04,NE,LARM,26,10,16,-13.5,13.5,45.5,36
2016,13,2016-12-04,NO,DET,13,28,-15,-4.0,4.0,53.5,41
2016,13,2016-12-01,MIN,DAL,15,17,-2,2.5,-2.5,44.0,32
2016,12,2016-11-28,PHI,GB,13,27,-14,-3.5,3.5,48.0,40
2016,12,2016-11-27,DEN,KC,27,30,-3,-3.5,3.5,39.5,57
2016,12,2016-11-27,NYJ,NE,17,22,-5,8.5,-8.5,47.0,39
2016,12,2016-11-27,OAK,CAR,35,32,3,-3.5,3.5,48.0,67
2016,12,2016-11-27,TB,SEA,14,5,9,5.0,-5.0,44.5,19
2016,12,2016-11-27,ATL,ARI,38,19,19,-4.0,4.0,50.5,57
2016,12,2016-11-27,BAL,CIN,19,14,5,-3.5,3.5,41.5,33
2016,12,2016-11-27,BUF,JAX,28,21,7,-7.0,7.0,45.5,49
2016,12,2016-11-27,CHI,TEN,21,27,-6,2.0,-2.0,44.5,48
2016,12,2016-11-27,CLE,NYG,13,27,-14,7.0,-7.0,44.5,40
2016,12,2016-11-27,HOU,SD,13,21,-8,0.0,0.0,47.0,34
2016,12,2016-11-27,MIA,SF,31,24,7,-7.5,7.5,45.5,55
2016,12,2016-11-27,NO,LARM,49,21,28,-7.0,7.0,45.5,70
2016,12,2016-11-24,IND,PIT,7,28,-21,2.5,-2.5,53.5,35
2016,12,2016-11-24,DAL,WAS,31,26,5,-7.0,7.0,48.5,57
2016,12,2016-11-24,DET,MIN,16,13,3,-2.5,2.5,42.5,29
2016,11,2016-11-21,OAK,HOU,27,20,7,-5.0,5.0,46.0,47
2016,11,2016-11-20,WAS,GB,42,24,18,-2.5,2.5,50.0,66
2016,11,2016-11-20,SF,NE,17,30,-13,13.5,-13.5,51.5,47
2016,11,2016-11-20,SEA,PHI,26,15,11,-6.0,6.0,45.5,41
2016,11,2016-11-20,LARM,MIA,10,14,-4,-1.0,1.0,40.5,24
2016,11,2016-11-20,CIN,BUF,12,16,-4,-3.0,3.0,47.0,28
2016,11,2016-11-20,CLE,PIT,9,24,-15,9.0,-9.0,49.5,33
2016,11,2016-11-20,DAL,BAL,27,17,10,-7.5,7.5,45.0,44
2016,11,2016-11-20,DET,JAX,26,19,7,-6.5,6.5,47.0,45
2016,11,2016-11-20,IND,TEN,24,17,7,-3.0,3.0,52.0,41
2016,11,2016-11-20,KC,TB,17,19,-2,-7.5,7.5,44.5,36
2016,11,2016-11-20,MIN,ARI,30,24,6,0.0,0.0,41.5,54
2016,11,2016-11-20,NYG,CHI,22,16,6,-7.0,7.0,45.5,38
2016,11,2016-11-17,CAR,NO,23,20,3,-4.0,4.0,51.0,43
2016,10,2016-11-14,NYG,CIN,21,20,1,-2.5,2.5,47.0,41
2016,10,2016-11-13,NE,SEA,24,31,-7,-7.5,7.5,48.5,55
2016,10,2016-11-13,ARI,SF,23,20,3,-13.0,13.0,48.0,43
2016,10,2016-11-13,PIT,DAL,30,35,-5,-2.5,2.5,51.0,65
2016,10,2016-11-13,SD,MIA,24,31,-7,-3.5,3.5,47.5,55
2016,10,2016-11-13,CAR,KC,17,20,-3,-3.0,3.0,44.0,37
2016,10,2016-11-13,JAX,HOU,21,24,-3,0.0,0.0,42.5,45
2016,10,2016-11-13,NO,DEN,23,25,-2,-1.5,1.5,48.0,48
2016,10,2016-11-13,NYJ,LARM,6,9,-3,-2.5,2.5,41.0,15
2016,10,2016-11-13,PHI,ATL,24,15,9,-1.0,1.0,49.5,39
2016,10,2016-11-13,TB,CHI,36,10,26,0.0,0.0,45.5,46
2016,10,2016-11-13,TEN,GB,47,25,22,2.5,-2.5,48.5,72
2016,10,2016-11-13,WAS,MIN,26,20,6,-2.5,2.5,42.5,46
2016,10,2016-11-10,BAL,CLE,28,7,21,-10.5,10.5,45.5,35
2016,9,2016-11-07,SEA,BUF,31,25,6,-7.0,7.0,44.0,56
2016,9,2016-11-06,OAK,DEN,30,20,10,-2.5,2.5,44.5,50
2016,9,2016-11-06,GB,IND,26,31,-5,-7.0,7.0,53.0,57
2016,9,2016-11-06,SD,TEN,43,35,8,-4.0,4.0,48.0,78
2016,9,2016-11-06,LARM,CAR,10,13,-3,2.5,-2.5,45.5,23
2016,9,2016-11-06,SF,NO,23,41,-18,3.0,-3.0,51.0,64
2016,9,2016-11-06,BAL,PIT,21,14,7,-2.5,2.5,44.0,35
2016,9,2016-11-06,CLE,DAL,10,35,-25,7.5,-7.5,47.0,45
2016,9,2016-11-06,KC,JAX,19,14,5,-7.5,7.5,45.0,33
2016,9,2016-11-06,MIA,NYJ,27,23,4,-3.0,3.0,44.0,50
2016,9,2016-11-06,MIN,DET,16,22,-6,-6.0,6.0,41.0,38
2016,9,2016-11-06,NYG,PHI,28,23,5,-3.0,3.0,43.0,51
2016,9,2016-11-03,TB,ATL,28,43,-15,3.0,-3.0,51.5,71
2016,8,2016-10-31,CHI,MIN,20,10,10,5.0,-5.0,41.0,30
2016,8,2016-10-30,DAL,PHI,29,23,6,-4.5,4.5,43.5,52
2016,8,2016-10-30,CAR,ARI,30,20,10,-2.5,2.5,48.0,50
2016,8,2016-10-30,DEN,SD,27,19,8,-5.5,5.5,43.5,46
2016,8,2016-10-30,ATL,GB,33,32,1,-2.5,2.5,52.5,65
2016,8,2016-10-30,BUF,NE,25,41,-16,5.0,-5.0,47.5,66
2016,8,2016-10-30,CLE,NYJ,28,31,-3,3.0,-3.0,43.5,59
2016,8,2016-10-30,HOU,DET,20,13,7,-2.5,2.5,45.0,33
2016,8,2016-10-30,IND,KC,14,30,-16,2.5,-2.5,49.5,44
2016,8,2016-10-30,NO,SEA,25,20,5,3.5,-3.5,47.5,45
2016,8,2016-10-30,TB,OAK,24,30,-6,-1.0,1.0,49.0,54
2016,8,2016-10-30,CIN,WAS,27,27,0,-2.5,2.5,46.5,54
2016,8,2016-10-27,TEN,JAX,36,22,14,-3.5,3.5,46.0,58
2016,7,2016-10-24,DEN,HOU,27,9,18,-7.5,7.5,40.5,36
2016,7,2016-10-23,ARI,SEA,6,6,0,-2.0,2.0,43.5,12
2016,7,2016-10-23,PIT,NE,16,27,-11,7.5,-7.5,45.5,43
2016,7,2016-10-23,ATL,SD,30,33,-3,-6.5,6.5,50.5,63
2016,7,2016-10-23,SF,TB,17,34,-17,2.0,-2.0,47.0,51
2016,7,2016-10-23,CIN,CLE,31,17,14,-10.0,10.0,45.5,48
2016,7,2016-10-23,DET,WAS,20,17,3,-1.0,1.0,48.5,37
2016,7,2016-10-23,JAX,OAK,16,33,-17,-1.5,1.5,48.5,49
2016,7,2016-10-23,KC,NO,27,21,6,-7.0,7.0,50.0,48
2016,7,2016-10-23,MIA,BUF,28,25,3,2.5,-2.5,44.0,53
2016,7,2016-10-23,NYJ,BAL,24,16,8,-1.0,1.0,41.5,40
2016,7,2016-10-23,PHI,MIN,21,10,11,2.0,-2.0,40.0,31
2016,7,2016-10-23,TEN,IND,26,34,-8,-2.5,2.5,48.5,60
2016,7,2016-10-23,LARM,NYG,10,17,-7,2.5,-2.5,43.5,27
2016,7,2016-10-20,GB,CHI,26,10,16,-9.0,9.0,47.0,36
2016,6,2016-10-17,ARI,NYJ,28,3,25,-7.5,7.5,46.0,31
2016,6,2016-10-16,HOU,IND,26,23,3,-3.5,3.5,46.0,49
2016,6,2016-10-16,GB,DAL,16,30,-14,-4.0,4.0,46.5,46
2016,6,2016-10-16,SEA,ATL,26,24,2,-6.0,6.0,45.5,50
2016,6,2016-10-16,OAK,KC,10,26,-16,-2.0,2.0,46.5,36
2016,6,2016-10-16,BUF,SF,45,16,29,-7.5,7.5,44.0,61
2016,6,2016-10-16,CHI,JAX,16,17,-1,-2.0,2.0,47.0,33
2016,6,2016-10-16,DET,LARM,31,28,3,-3.0,3.0,44.0,59
2016,6,2016-10-16,MIA,PIT,30,15,15,7.5,-7.5,48.0,45
2016,6,2016-10-16,NE,CIN,35,17,18,-8.0,8.0,47.0,52
2016,6,2016-10-16,NO,CAR,41,38,3,3.0,-3.0,53.0,79
2016,6,2016-10-16,NYG,BAL,27,23,4,-3.0,3.0,43.5,50
2016,6,2016-10-16,TEN,CLE,28,26,2,-7.0,7.0,44.0,54
2016,6,2016-10-16,WAS,PHI,27,20,7,2.0,-2.0,44.5,47
2016,6,2016-10-13,SD,DEN,21,13,8,2.5,-2.5,45.5,34
2016,5,2016-10-10,CAR,TB,14,17,-3,-4.5,4.5,45.5,31
2016,5,2016-10-09,GB,NYG,23,16,7,-7.5,7.5,48.0,39
2016,5,2016-10-09,DAL,CIN,28,14,14,0.0,0.0,45.0,42
2016,5,2016-10-09,LARM,BUF,19,30,-11,-2.5,2.5,40.0,49
2016,5,2016-10-09,OAK,SD,34,31,3,-4.0,4.0,51.5,65
2016,5,2016-10-09,DEN,ATL,16,23,-7,-4.5,4.5,47.0,39
2016,5,2016-10-09,BAL,WAS,10,16,-6,-3.5,3.5,46.5,26
2016,5,2016-10-09,CLE,NE,13,33,-20,10.5,-10.5,46.5,46
2016,5,2016-10-09,DET,PHI,24,23,1,2.5,-2.5,46.0,47
2016,5,2016-10-09,IND,CHI,29,23,6,-4.5,4.5,47.5,52
2016,5,2016-10-09,MIA,TEN,17,30,-13,-3.5,3.5,43.5,47
2016,5,2016-10-09,MIN,HOU,31,13,18,-6.5,6.5,40.0,44
2016,5,2016-10-09,PIT,NYJ,31,13,18,-7.5,7.5,48.5,44
2016,5,2016-10-06,SF,ARI,21,33,-12,2.5,-2.5,42.5,54
2016,4,2016-10-03,MIN,NYG,24,10,14,-3.5,3.5,43.5,34
2016,4,2016-10-02,PIT,KC,43,14,29,-5.0,5.0,47.5,57
2016,4,2016-10-02,SD,NO,34,35,-1,-4.5,4.5,53.5,69
2016,4,2016-10-02,SF,DAL,17,24,-7,3.0,-3.0,46.0,41
2016,4,2016-10-02,TB,DEN,7,27,-20,3.0,-3.0,44.5,34
2016,4,2016-10-02,ATL,CAR,48,33,15,3.5,-3.5,50.0,81
2016,4,2016-10-02,BAL,OAK,27,28,-1,-3.5,3.5,46.5,55
2016,4,2016-10-02,CHI,DET,17,14,3,3.0,-3.0,46.0,31
2016,4,2016-10-02,HOU,TEN,27,20,7,-6.5,6.5,40.5,47
2016,4,2016-10-02,NE,BUF,0,16,-16,-7.5,7.5,44.5,16
2016,4,2016-10-02,NYJ,SEA,17,27,-10,2.5,-2.5,41.5,44
2016,4,2016-10-02,WAS,CLE,31,20,11,-10.0,10.0,45.5,51
2016,4,2016-10-02,ARI,LARM,13,17,-4,-8.5,8.5,43.5,30
2016,4,2016-10-01,JAX,IND,30,27,3,2.0,-2.0,49.5,57
2016,4,2016-09-29,CIN,MIA,22,7,15,-7.0,7.0,44.5,29
2016,3,2016-09-26,NO,ATL,32,45,-13,-3.0,3.0,53.5,77
2016,3,2016-09-25,DAL,CHI,31,17,14,-5.5,5.5,45.0,48
2016,3,2016-09-25,IND,SD,26,22,4,-2.5,2.5,50.5,48
2016,3,2016-09-25,KC,NYJ,24,3,21,-3.0,3.0,43.5,27
2016,3,2016-09-25,PHI,PIT,34,3,31,4.0,-4.0,46.0,37
2016,3,2016-09-25,SEA,SF,37,18,19,-10.0,10.0,40.5,55
2016,3,2016-09-25,TB,LARM,32,37,-5,-4.0,4.0,42.0,69
2016,3,2016-09-25,BUF,ARI,33,18,15,4.0,-4.0,47.0,51
2016,3,2016-09-25,CAR,MIN,10,22,-12,-7.5,7.5,43.0,32
2016,3,2016-09-25,CIN,DEN,17,29,-12,-3.5,3.5,41.0,46
2016,3,2016-09-25,GB,DET,34,27,7,-8.5,8.5,48.0,61
2016,3,2016-09-25,JAX,BAL,17,19,-2,0.0,0.0,47.5,36
2016,3,2016-09-25,MIA,CLE,30,24,6,-7.0,7.0,41.5,54
2016,3,2016-09-25,NYG,WAS,27,29,-2,-4.0,4.0,46.5,56
2016,3,2016-09-25,TEN,OAK,10,17,-7,0.0,0.0,47.0,27
2016,3,2016-09-22,NE,HOU,27,0,27,0.0,0.0,40.5,27
2016,2,2016-09-19,CHI,PHI,14,29,-15,-2.5,2.5,42.5,43
2016,2,2016-09-18,MIN,GB,17,14,3,2.0,-2.0,44.5,31
2016,2,2016-09-18,DEN,IND,34,20,14,-4.5,4.5,45.0,54
2016,2,2016-09-18,OAK,ATL,28,35,-7,-5.5,5.5,48.0,63
2016,2,2016-09-18,SD,JAX,38,14,24,-2.5,2.5,47.5,52
2016,2,2016-09-18,ARI,TB,40,7,33,-7.0,7.0,50.0,47
2016,2,2016-09-18,LARM,SEA,9,3,6,7.0,-7.0,38.5,12
2016,2,2016-09-18,CAR,SF,46,27,19,-13.0,13.0,44.5,73
2016,2,2016-09-18,CLE,BAL,20,25,-5,4.5,-4.5,43.5,45
2016,2,2016-09-18,DET,TEN,15,16,-1,-5.5,5.5,46.5,31
2016,2,2016-09-18,HOU,KC,19,12,7,-2.0,2.0,43.5,31
2016,2,2016-09-18,NE,MIA,31,24,7,-5.5,5.5,42.5,55
2016,2,2016-09-18,NYG,NO,16,13,3,-5.0,5.0,51.5,29
2016,2,2016-09-18,PIT,CIN,24,16,8,-3.0,3.0,48.5,40
2016,2,2016-09-18,WAS,DAL,23,27,-4,-2.5,2.5,46.5,50
2016,2,2016-09-15,BUF,NYJ,31,37,-6,-3.0,3.0,42.5,68
2016,1,2016-09-12,SF,LARM,28,0,28,2.5,-2.5,44.0,28
2016,1,2016-09-12,WAS,PIT,16,38,-22,3.0,-3.0,50.0,54
2016,1,2016-09-11,ARI,NE,21,23,-2,-5.5,5.5,47.5,44
2016,1,2016-09-11,DAL,NYG,19,20,-1,0.0,0.0,46.5,39
2016,1,2016-09-11,IND,DET,35,39,-4,-3.5,3.5,51.5,74
2016,1,2016-09-11,SEA,MIA,12,10,2,-10.5,10.5,44.0,22
2016,1,2016-09-11,ATL,TB,24,31,-7,-3.0,3.0,47.5,55
2016,1,2016-09-11,BAL,BUF,13,7,6,-3.0,3.0,44.5,20
2016,1,2016-09-11,HOU,CHI,23,14,9,-5.5,5.5,44.0,37
2016,1,2016-09-11,JAX,GB,23,27,-4,4.0,-4.0,48.0,50
2016,1,2016-09-11,KC,SD,33,27,6,-7.0,7.0,44.5,60
2016,1,2016-09-11,NO,OAK,34,35,-1,-1.0,1.0,51.0,69
2016,1,2016-09-11,NYJ,CIN,22,23,-1,2.0,-2.0,41.5,45
2016,1,2016-09-11,PHI,CLE,29,10,19,-5.5,5.5,43.0,39
2016,1,2016-09-11,TEN,MIN,16,25,-9,0.0,0.0,41.0,41
2016,1,2016-09-08,DEN,CAR,21,20,1,3.0,-3.0,42.0,41
2015,21,2016-02-07,DEN,CAR,24,10,14,4.0,-4.0,44.0,34
2015,20,2016-01-24,CAR,ARI,49,15,34,-3.5,3.5,47.0,64
2015,20,2016-01-24,DEN,NE,20,18,2,3.0,-3.0,44.5,38
2015,19,2016-01-17,DEN,PIT,23,16,7,-3.5,3.5,38.5,39
2015,19,2016-01-17,CAR,SEA,31,24,7,-2.5,2.5,43.5,55
2015,19,2016-01-16,ARI,GB,26,20,6,-7.5,7.5,50.0,46
2015,19,2016-01-16,NE,KC,27,20,7,-5.0,5.0,44.5,47
2015,18,2016-01-10,WAS,GB,18,35,-17,-2.0,2.0,47.0,53
2015,18,2016-01-10,MIN,SEA,9,10,-1,7.0,-7.0,42.0,19
2015,18,2016-01-09,CIN,PIT,16,18,-2,3.0,-3.0,46.5,34
2015,18,2016-01-09,HOU,KC,0,30,-30,3.0,-3.0,40.5,30
2015,17,2016-01-03,ARI,SEA,6,36,-30,-3.5,3.5,47.5,42
2015,17,2016-01-03,DEN,SD,27,20,7,-7.5,7.5,41.0,47
2015,17,2016-01-03,SF,LARM,19,16,3,3.5,-3.5,37.5,35
2015,17,2016-01-03,ATL,NO,17,20,-3,-4.0,4.0,53.0,37
2015,17,2016-01-03,BUF,NYJ,22,17,5,1.5,-1.5,43.0,39
2015,17,2016-01-03,CAR,TB,38,10,28,-10.5,10.5,47.0,48
2015,17,2016-01-03,CHI,DET,20,24,-4,-1.5,1.5,45.0,44
2015,17,2016-01-03,CIN,BAL,24,16,8,-7.5,7.5,43.0,40
2015,17,2016-01-03,CLE,PIT,12,28,-16,10.0,-10.0,47.0,40
2015,17,2016-01-03,DAL,WAS,23,34,-11,-3.5,3.5,39.5,57
2015,17,2016-01-03,GB,MIN,13,20,-7,-3.0,3.0,47.5,33
2015,17,2016-01-03,HOU,JAX,30,6,24,-6.0,6.0,45.0,36
2015,17,2016-01-03,IND,TEN,30,24,6,-3.5,3.5,39.5,54
2015,17,2016-01-03,KC,OAK,23,17,6,-7.0,7.0,44.0,40
2015,17,2016-01-03,MIA,NE,20,10,10,10.5,-10.5,47.0,30
2015,17,2016-01-03,NYG,PHI,30,35,-5,-3.5,3.5,51.5,65
2015,16,2015-12-28,DEN,CIN,20,17,3,-3.5,3.5,42.0,37
2015,16,2015-12-27,ARI,GB,38,8,30,-4.5,4.5,49.5,46
2015,16,2015-12-27,SEA,LARM,17,23,-6,-13.5,13.5,41.5,40
2015,16,2015-12-27,NO,JAX,38,27,11,-3.5,3.5,51.5,65
2015,16,2015-12-27,ATL,CAR,20,13,7,7.0,-7.0,47.0,33
2015,16,2015-12-27,BAL,PIT,20,17,3,10.5,-10.5,47.5,37
2015,16,2015-12-27,BUF,DAL,16,6,10,-6.0,6.0,43.5,22
2015,16,2015-12-27,DET,SF,32,17,15,-8.0,8.0,43.0,49
2015,16,2015-12-27,KC,CLE,17,13,4,-12.5,12.5,43.0,30
2015,16,2015-12-27,MIA,IND,12,18,-6,-1.5,1.5,44.0,30
2015,16,2015-12-27,MIN,NYG,49,17,32,-6.5,6.5,46.0,66
2015,16,2015-12-27,NYJ,NE,26,20,6,3.0,-3.0,46.0,46
2015,16,2015-12-27,TB,CHI,21,26,-5,-3.0,3.0,45.5,47
2015,16,2015-12-27,TEN,HOU,6,34,-28,4.5,-4.5,42.0,40
2015,16,2015-12-26,PHI,WAS,24,38,-14,-3.5,3.5,48.0,62
2015,16,2015-12-24,OAK,SD,23,20,3,-4.5,4.5,46.5,43
2015,15,2015-12-21,NO,DET,27,35,-8,-3.0,3.0,50.0,62
2015,15,2015-12-20,PHI,ARI,17,40,-23,3.5,-3.5,50.5,57
2015,15,2015-12-20,PIT,DEN,34,27,7,-6.0,6.0,45.0,61
2015,15,2015-12-20,SD,MIA,30,14,16,-1.5,1.5,44.5,44
2015,15,2015-12-20,SF,CIN,14,24,-10,4.5,-4.5,42.0,38
2015,15,2015-12-20,OAK,GB,20,30,-10,3.0,-3.0,45.5,50
2015,15,2015-12-20,SEA,CLE,30,13,17,-14.5,14.5,43.0,43
2015,15,2015-12-20,BAL,KC,14,34,-20,7.0,-7.0,43.0,48
2015,15,2015-12-20,IND,HOU,10,16,-6,0.0,0.0,41.0,26
2015,15,2015-12-20,JAX,ATL,17,23,-6,-3.0,3.0,48.0,40
2015,15,2015-12-20,MIN,CHI,38,17,21,-5.0,5.0,43.0,55
2015,15,2015-12-20,NE,TEN,33,16,17,-13.5,13.5,46.5,49
2015,15,2015-12-20,NYG,CAR,35,38,-3,4.0,-4.0,48.0,73
2015,15,2015-12-20,WAS,BUF,35,25,10,1.0,-1.0,44.0,60
2015,15,2015-12-19,DAL,NYJ,16,19,-3,3.0,-3.0,42.0,35
2015,15,2015-12-17,LARM,TB,31,23,8,0.0,0.0,41.0,54
2015,14,2015-12-14,MIA,NYG,24,31,-7,-2.0,2.0,46.5,55
2015,14,2015-12-13,BAL,SEA,6,35,-29,10.5,-10.5,43.0,41
2015,14,2015-12-13,GB,DAL,28,7,21,-7.5,7.5,43.0,35
2015,14,2015-12-13,DEN,OAK,12,15,-3,-7.5,7.5,43.5,27
2015,14,2015-12-13,CAR,ATL,38,0,38,-7.5,7.5,47.0,38
2015,14,2015-12-13,CHI,WAS,21,24,-3,-3.5,3.5,43.5,45
2015,14,2015-12-13,CIN,PIT,20,33,-13,-3.0,3.0,47.5,53
2015,14,2015-12-13,CLE,SF,24,10,14,-1.5,1.5,40.5,34
2015,14,2015-12-13,HOU,NE,6,27,-21,3.5,-3.5,45.0,33
2015,14,2015-12-13,JAX,IND,51,16,35,1.0,-1.0,45.0,67
2015,14,2015-12-13,KC,SD,10,3,7,-10.5,10.5,46.5,13
2015,14,2015-12-13,NYJ,TEN,30,8,22,-7.5,7.5,43.5,38
2015,14,2015-12-13,PHI,BUF,23,20,3,-2.0,2.0,46.5,43
2015,14,2015-12-13,LARM,DET,21,14,7,-1.0,1.0,41.5,35
2015,14,2015-12-13,TB,NO,17,24,-7,-3.5,3.5,51.0,41
2015,14,2015-12-10,ARI,MIN,23,20,3,-7.5,7.5,45.0,43
2015,13,2015-12-07,WAS,DAL,16,19,-3,-4.0,4.0,42.0,35
2015,13,2015-12-06,PIT,IND,45,10,35,-7.0,7.0,47.5,55
2015,13,2015-12-06,NE,PHI,28,35,-7,-10.0,10.0,48.5,63
2015,13,2015-12-06,NO,CAR,38,41,-3,6.5,-6.5,49.5,79
2015,13,2015-12-06,OAK,KC,20,34,-14,3.0,-3.0,44.5,54
2015,13,2015-12-06,SD,DEN,3,17,-14,4.0,-4.0,43.0,20
2015,13,2015-12-06,BUF,HOU,30,21,9,-3.5,3.5,41.5,51
2015,13,2015-12-06,CHI,SF,20,26,-6,-7.0,7.0,41.5,46
2015,13,2015-12-06,CLE,CIN,3,37,-34,10.0,-10.0,43.5,40
2015,13,2015-12-06,MIA,BAL,15,13,2,-4.5,4.5,43.5,28
2015,13,2015-12-06,MIN,SEA,7,38,-31,1.0,-1.0,42.0,45
2015,13,2015-12-06,NYG,NYJ,20,23,-3,1.0,-1.0,45.0,43
2015,13,2015-12-06,LARM,ARI,3,27,-24,5.5,-5.5,44.0,30
2015,13,2015-12-06,TB,ATL,23,19,4,-2.5,2.5,45.5,42
2015,13,2015-12-06,TEN,JAX,42,39,3,-2.5,2.5,43.0,81
2015,13,2015-12-03,DET,GB,23,27,-4,5.0,-5.0,47.5,50
2015,12,2015-11-30,CLE,BAL,27,33,-6,-1.0,1.0,41.0,60
2015,12,2015-11-29,DEN,NE,30,24,6,3.5,-3.5,45.0,54
2015,12,2015-11-29,SEA,PIT,39,30,9,-5.5,5.5,44.5,69
2015,12,2015-11-29,SF,ARI,13,19,-6,10.5,-10.5,44.5,32
2015,12,2015-11-29,ATL,MIN,10,20,-10,-2.5,2.5,46.0,30
2015,12,2015-11-29,CIN,LARM,31,7,24,-9.0,9.0,42.0,38
2015,12,2015-11-29,HOU,NO,24,6,18,-3.0,3.0,48.0,30
2015,12,2015-11-29,IND,TB,25,12,13,-3.0,3.0,46.5,37
2015,12,2015-11-29,JAX,SD,25,31,-6,-4.0,4.0,46.5,56
2015,12,2015-11-29,KC,BUF,30,22,8,-6.0,6.0,42.0,52
2015,12,2015-11-29,NYJ,MIA,38,20,18,-4.0,4.0,42.5,58
2015,12,2015-11-29,TEN,OAK,21,24,-3,2.0,-2.0,44.0,45
2015,12,2015-11-29,WAS,NYG,20,14,6,1.0,-1.0,46.5,34
2015,12,2015-11-26,GB,CHI,13,17,-4,-8.0,8.0,47.5,30
2015,12,2015-11-26,DAL,CAR,14,33,-19,-1.0,1.0,46.0,47
2015,12,2015-11-26,DET,PHI,45,14,31,1.0,-1.0,46.0,59
2015,11,2015-11-23,NE,BUF,20,13,7,-7.5,7.5,49.0,33
2015,11,2015-11-22,ARI,CIN,34,31,3,-3.5,3.5,47.0,65
2015,11,2015-11-22,MIN,GB,13,30,-17,-1.0,1.0,45.0,43
2015,11,2015-11-22,SEA,SF,29,13,16,-13.0,13.0,40.5,42
2015,11,2015-11-22,SD,KC,3,33,-30,3.0,-3.0,45.5,36
2015,11,2015-11-22,ATL,IND,21,24,-3,-6.0,6.0,47.5,45
2015,11,2015-11-22,BAL,LARM,16,13,3,-1.0,1.0,43.0,29
2015,11,2015-11-22,CAR,WAS,44,16,28,-7.5,7.5,45.5,60
2015,11,2015-11-22,CHI,DEN,15,17,-2,2.0,-2.0,43.0,32
2015,11,2015-11-22,DET,OAK,18,13,5,1.0,-1.0,47.5,31
2015,11,2015-11-22,HOU,NYJ,24,17,7,3.0,-3.0,40.0,41
2015,11,2015-11-22,MIA,DAL,14,24,-10,-1.0,1.0,46.0,38
2015,11,2015-11-22,PHI,TB,17,45,-28,-6.0,6.0,45.5,62
2015,11,2015-11-19,JAX,TEN,19,13,6,-3.0,3.0,44.5,32
2015,10,2015-11-16,CIN,HOU,6,10,-4,-10.5,10.5,47.0,16
2015,10,2015-11-15,SEA,ARI,32,39,-7,-3.0,3.0,45.0,71
2015,10,2015-11-15,DEN,KC,13,29,-16,-7.0,7.0,42.5,42
2015,10,2015-11-15,NYG,NE,26,27,-1,7.5,-7.5,55.0,53
2015,10,2015-11-15,OAK,MIN,14,30,-16,-3.0,3.0,43.5,44
2015,10,2015-11-15,BAL,JAX,20,22,-2,-6.5,6.5,48.0,42
2015,10,2015-11-15,GB,DET,16,18,-2,-13.0,13.0,47.5,34
2015,10,2015-11-15,PHI,MIA,19,20,-1,-6.5,6.5,46.5,39
2015,10,2015-11-15,PIT,CLE,30,9,21,-4.5,4.5,41.0,39
2015,10,2015-11-15,LARM,CHI,13,37,-24,-8.0,8.0,42.5,50
2015,10,2015-11-15,TB,DAL,10,6,4,-1.0,1.0,43.0,16
2015,10,2015-11-15,TEN,CAR,10,27,-17,4.0,-4.0,42.0,37
2015,10,2015-11-15,WAS,NO,47,14,33,0.0,0.0,51.0,61
2015,10,2015-11-12,NYJ,BUF,17,22,-5,-3.0,3.0,43.0,39
2015,9,2015-11-09,SD,CHI,19,22,-3,-4.0,4.0,50.0,41
2015,9,2015-11-08,DAL,PHI,27,33,-6,3.0,-3.0,44.5,60
2015,9,2015-11-08,IND,DEN,27,24,3,3.0,-3.0,45.0,51
2015,9,2015-11-08,SF,ATL,17,16,1,4.0,-4.0,45.0,33
2015,9,2015-11-08,TB,NYG,18,32,-14,2.5,-2.5,47.0,50
2015,9,2015-11-08,BUF,MIA,33,17,16,-3.0,3.0,44.0,50
2015,9,2015-11-08,CAR,GB,37,29,8,2.5,-2.5,46.5,66
2015,9,2015-11-08,MIN,LARM,21,18,3,-2.5,2.5,40.5,39
2015,9,2015-11-08,NE,WAS,27,10,17,-14.0,14.0,52.5,37
2015,9,2015-11-08,NO,TEN,28,34,-6,-7.5,7.5,48.0,62
2015,9,2015-11-08,NYJ,JAX,28,23,5,-7.5,7.5,43.0,51
2015,9,2015-11-08,PIT,OAK,38,35,3,-5.5,5.5,48.0,73
2015,9,2015-11-05,CIN,CLE,31,10,21,-10.5,10.5,46.0,41
2015,8,2015-11-02,CAR,IND,29,26,3,-6.5,6.5,46.0,55
2015,8,2015-11-01,DEN,GB,29,10,19,2.5,-2.5,46.0,39
2015,8,2015-11-01,DAL,SEA,12,13,-1,5.5,-5.5,40.5,25
2015,8,2015-11-01,OAK,NYJ,34,20,14,0.0,0.0,44.0,54
2015,8,2015-11-01,ATL,TB,20,23,-3,-7.5,7.5,49.0,43
2015,8,2015-11-01,BAL,SD,29,26,3,-3.0,3.0,50.0,55
2015,8,2015-11-01,CHI,MIN,20,23,-3,2.5,-2.5,42.0,43
2015,8,2015-11-01,CLE,ARI,20,34,-14,4.5,-4.5,46.0,54
2015,8,2015-11-01,HOU,TEN,20,6,14,-4.5,4.5,43.5,26
2015,8,2015-11-01,NO,NYG,52,49,3,-3.5,3.5,49.0,101
2015,8,2015-11-01,PIT,CIN,10,16,-6,1.5,-1.5,48.5,26
2015,8,2015-11-01,LARM,SF,27,6,21,-7.5,7.5,39.5,33
2015,8,2015-11-01,KC,DET,45,10,35,-6.0,6.0,45.5,55
2015,8,2015-10-29,NE,MIA,36,7,29,-8.0,8.0,51.5,43
2015,7,2015-10-26,ARI,BAL,26,18,8,-7.5,7.5,48.5,44
2015,7,2015-10-25,CAR,PHI,27,16,11,-3.5,3.5,46.5,43
2015,7,2015-10-25,NYG,DAL,27,20,7,-5.0,5.0,45.5,47
2015,7,2015-10-25,SD,OAK,29,37,-8,-5.0,5.0,47.0,66
2015,7,2015-10-25,DET,MIN,19,28,-9,2.5,-2.5,44.5,47
2015,7,2015-10-25,IND,NO,21,27,-6,-6.0,6.0,52.5,48
2015,7,2015-10-25,KC,PIT,23,13,10,-2.0,2.0,43.0,36
2015,7,2015-10-25,MIA,HOU,44,26,18,-5.0,5.0,43.0,70
2015,7,2015-10-25,NE,NYJ,30,23,7,-10.0,10.0,48.0,53
2015,7,2015-10-25,LARM,CLE,24,6,18,-5.5,5.5,42.0,30
2015,7,2015-10-25,TEN,ATL,7,10,-3,3.5,-3.5,47.5,17
2015,7,2015-10-25,WAS,TB,31,30,1,-3.5,3.5,44.0,61
2015,7,2015-10-25,JAX,BUF,34,31,3,4.0,-4.0,42.0,65
2015,7,2015-10-22,SF,SEA,3,20,-17,4.5,-4.5,41.5,23
2015,6,2015-10-19,PHI,NYG,27,7,20,-3.5,3.5,50.0,34
2015,6,2015-10-18,IND,NE,27,34,-7,7.5,-7.5,55.0,61
2015,6,2015-10-18,GB,SD,27,20,7,-10.0,10.0,50.0,47
2015,6,2015-10-18,SF,BAL,25,20,5,3.0,-3.0,44.0,45
2015,6,2015-10-18,SEA,CAR,23,27,-4,-6.5,6.5,42.0,50
2015,6,2015-10-18,BUF,CIN,21,34,-13,-1.0,1.0,45.0,55
2015,6,2015-10-18,CLE,DEN,23,26,-3,4.5,-4.5,42.5,49
2015,6,2015-10-18,DET,CHI,37,34,3,-2.5,2.5,44.0,71
2015,6,2015-10-18,JAX,HOU,20,31,-11,0.0,0.0,42.5,51
2015,6,2015-10-18,MIN,KC,16,10,6,-3.5,3.5,44.5,26
2015,6,2015-10-18,NYJ,WAS,34,20,14,-5.5,5.5,41.5,54
2015,6,2015-10-18,PIT,ARI,25,13,12,3.0,-3.0,44.0,38
2015,6,2015-10-18,TEN,MIA,10,38,-28,-3.0,3.0,44.5,48
2015,6,2015-10-15,NO,ATL,31,21,10,3.0,-3.0,51.0,52
2015,5,2015-10-12,SD,PIT,20,24,-4,-3.0,3.0,45.5,44
2015,5,2015-10-11,NYG,SF,30,27,3,-7.0,7.0,43.0,57
2015,5,2015-10-11,DAL,NE,6,30,-24,7.5,-7.5,49.0,36
2015,5,2015-10-11,OAK,DEN,10,16,-6,5.5,-5.5,43.5,26
2015,5,2015-10-11,DET,ARI,17,42,-25,2.5,-2.5,44.0,59
2015,5,2015-10-11,ATL,WAS,25,19,6,-8.0,8.0,47.5,44
2015,5,2015-10-11,BAL,CLE,30,33,-3,-6.5,6.5,44.0,63
2015,5,2015-10-11,CIN,SEA,27,24,3,-3.0,3.0,43.0,51
2015,5,2015-10-11,GB,LARM,24,10,14,-10.0,10.0,46.5,34
2015,5,2015-10-11,KC,CHI,17,18,-1,-10.0,10.0,45.5,35
2015,5,2015-10-11,PHI,NO,39,17,22,-5.0,5.0,48.0,56
2015,5,2015-10-11,TB,JAX,38,31,7,-3.0,3.0,42.0,69
2015,5,2015-10-11,TEN,BUF,13,14,-1,3.0,-3.0,42.5,27
2015,5,2015-10-08,HOU,IND,20,27,-7,-1.5,1.5,44.5,47
2015,4,2015-10-05,SEA,DET,13,10,3,-10.0,10.0,42.5,23
2015,4,2015-10-04,NO,DAL,26,20,6,-3.5,3.5,47.0,46
2015,4,2015-10-04,ARI,LARM,22,24,-2,-6.0,6.0,42.0,46
2015,4,2015-10-04,DEN,MIN,23,20,3,-6.5,6.5,43.5,43
2015,4,2015-10-04,SF,GB,3,17,-14,8.5,-8.5,47.5,20
2015,4,2015-10-04,SD,CLE,30,27,3,-7.0,7.0,44.5,57
2015,4,2015-10-04,ATL,HOU,48,21,27,-5.0,5.0,46.5,69
2015,4,2015-10-04,BUF,NYG,10,24,-14,-5.5,5.5,47.0,34
2015,4,2015-10-04,CHI,OAK,22,20,2,2.5,-2.5,44.5,42
2015,4,2015-10-04,CIN,KC,36,21,15,-4.0,4.0,44.0,57
2015,4,2015-10-04,IND,JAX,16,13,3,-8.5,8.5,47.0,29
2015,4,2015-10-04,TB,CAR,23,37,-14,3.0,-3.0,39.5,60
2015,4,2015-10-04,WAS,PHI,23,20,3,3.0,-3.0,47.5,43
2015,4,2015-10-03,MIA,NYJ,14,27,-13,-1.0,1.0,41.0,41
2015,4,2015-10-01,PIT,BAL,20,23,-3,2.0,-2.0,45.5,43
2015,3,2015-09-28,GB,KC,38,28,10,-6.5,6.5,48.0,66
2015,3,2015-09-27,DET,DEN,12,24,-12,3.5,-3.5,44.5,36
2015,3,2015-09-27,MIA,BUF,14,41,-27,-2.5,2.5,44.0,55
2015,3,2015-09-27,SEA,CHI,26,0,26,-14.5,14.5,45.0,26
2015,3,2015-09-27,ARI,SF,47,7,40,-6.0,6.0,44.0,54
2015,3,2015-09-27,BAL,CIN,24,28,-4,-3.0,3.0,44.5,52
2015,3,2015-09-27,CAR,NO,27,22,5,-3.0,3.0,45.0,49
2015,3,2015-09-27,CLE,OAK,20,27,-7,-4.5,4.5,41.5,47
2015,3,2015-09-27,DAL,ATL,28,39,-11,0.0,0.0,44.0,67
2015,3,2015-09-27,HOU,TB,19,9,10,-7.0,7.0,40.5,28
2015,3,2015-09-27,MIN,SD,31,14,17,-3.0,3.0,45.0,45
2015,3,2015-09-27,NE,JAX,51,17,34,-13.5,13.5,48.0,68
2015,3,2015-09-27,NYJ,PHI,17,24,-7,0.0,0.0,47.0,41
2015,3,2015-09-27,LARM,PIT,6,12,-6,-1.0,1.0,47.0,18
2015,3,2015-09-27,TEN,IND,33,35,-2,3.5,-3.5,45.0,68
2015,3,2015-09-24,NYG,WAS,32,21,11,-4.0,4.0,44.0,53
2015,2,2015-09-21,IND,NYJ,7,20,-13,-7.0,7.0,47.0,27
2015,2,2015-09-20,GB,SEA,27,17,10,-3.0,3.0,49.0,44
2015,2,2015-09-20,PHI,DAL,10,20,-10,-5.5,5.5,55.0,30
2015,2,2015-09-20,JAX,MIA,23,20,3,6.0,-6.0,41.5,43
2015,2,2015-09-20,OAK,BAL,37,33,4,6.0,-6.0,43.0,70
2015,2,2015-09-20,BUF,NE,32,40,-8,0.0,0.0,45.0,72
2015,2,2015-09-20,CAR,HOU,24,17,7,-3.0,3.0,40.5,41
2015,2,2015-09-20,CHI,ARI,23,48,-25,1.5,-1.5,44.5,71
2015,2,2015-09-20,CIN,SD,24,19,5,-3.5,3.5,45.5,43
2015,2,2015-09-20,CLE,TEN,28,14,14,-2.5,2.5,41.5,42
2015,2,2015-09-20,MIN,DET,26,16,10,-3.0,3.0,44.0,42
2015,2,2015-09-20,NO,TB,19,26,-7,-10.5,10.5,48.5,45
2015,2,2015-09-20,NYG,ATL,20,24,-4,-2.0,2.0,51.0,44
2015,2,2015-09-20,PIT,SF,43,18,25,-5.0,5.0,44.0,61
2015,2,2015-09-20,WAS,LARM,24,10,14,3.0,-3.0,42.0,34
2015,2,2015-09-17,KC,DEN,24,31,-7,-3.0,3.0,43.5,55
2015,1,2015-09-14,SF,MIN,20,3,17,2.5,-2.5,41.5,23
2015,1,2015-09-14,ATL,PHI,26,24,2,3.0,-3.0,55.0,50
2015,1,2015-09-13,DAL,NYG,27,26,1,-5.5,5.5,51.5,53
2015,1,2015-09-13,DEN,BAL,19,13,6,-4.5,4.5,49.5,32
2015,1,2015-09-13,OAK,CIN,13,33,-20,3.5,-3.5,43.5,46
2015,1,2015-09-13,TB,TEN,14,42,-28,-3.0,3.0,42.0,56
2015,1,2015-09-13,ARI,NO,31,19,12,-2.5,2.5,47.0,50
2015,1,2015-09-13,SD,DET,33,28,5,-3.0,3.0,46.0,61
2015,1,2015-09-13,BUF,IND,27,14,13,2.5,-2.5,46.0,41
2015,1,2015-09-13,CHI,GB,23,31,-8,6.5,-6.5,50.0,54
2015,1,2015-09-13,HOU,KC,20,27,-7,-1.0,1.0,41.0,47
2015,1,2015-09-13,JAX,CAR,9,20,-11,3.0,-3.0,41.0,29
2015,1,2015-09-13,NYJ,CLE,31,10,21,-3.0,3.0,40.0,41
2015,1,2015-09-13,LARM,SEA,34,31,3,4.0,-4.0,41.5,65
2015,1,2015-09-13,WAS,MIA,10,17,-7,3.5,-3.5,43.0,27
2015,1,2015-09-10,NE,PIT,28,21,7,-7.0,7.0,52.0,49
,,,,,,,,,,,
,,,,,,,,,,,
,,,,,,,,,,,
,,,,,,,,,,,
,,,,,,,,,,,
,,,,,,,,,,,
,,,,,,,,,,,
,,,,,,,,,,,
,,,,,,,,,,,
,,,,,,,,,,,
,,,,,,,,,,,
,,,,,,,,,,,
,,,,,,,,,,,
,,,,,,,,,,,
,,,,,,,,,,,
,,,,,,,,,,,
,,,,,,,,,,,
,,,,,,,,,,,
,,,,,,,,,,,
,,,,,,,,,,,
,,,,,,,,,,,
,,,,,,,,,,,
,,,,,,,,,,,
,,,,,,,,,,,
,,,,,,,,,,,
,,,,,,,,,,,
,,,,,,,,,,,
,,,,,,,,,,,
,,,,,,,,,,,
,,,,,,,,,,,
,,,,,,,,,,,
,,,,,,,,,,,
,,,,,,,,,,,
,,,,,,,,,,,
,,,,,,,,,,,
,,,,,,,,,,,
,,,,,,,,,,,
,,,,,,,,,,,
,,,,,,,,,,,
,,,,,,,,,,,
,,,,,,,,,,,
,,,,,,,,,,,
,,,,,,,,,,,
,,,,,,,,,,,
,,,,,,,,,,,
,,,,,,,,,,,
,,,,,,,,,,,
,,,,,,,,,,,
,,,,,,,,,,,
,,,,,,,,,,,
,,,,,,,,,,,
,,,,,,,,,,,
,,,,,,,,,,,
,,,,,,,,,,,
,,,,,,,,,,,
,,,,,,,,,,,
,,,,,,,,,,,
,,,,,,,,,,,
,,,,,,,,,,,
,,,,,,,,,,,
,,,,,,,,,,,
,,,,,,,,,,,
,,,,,,,,,,,
,,,,,,,,,,,
,,,,,,,,,,,
,,,,,,,,,,,
,,,,,,,,,,,
,,,,,,,,,,,
,,,,,,,,,,,
,,,,,,,,,,,
,,,,,,,,,,,
,,,,,,,,,,,
,,,,,,,,,,,
,,,,,,,,,,,
,,,,,,,,,,,
,,,,,,,,,,,
,,,,,,,,,,,
,,,,,,,,,,,
,,,,,,,,,,,
,,,,,,,,,,,
,,,,,,,,,,,
,,,,,,,,,,,
,,,,,,,,,,,
,,,,,,,,,,,
,,,,,,,,,,,
,,,,,,,,,,,
,,,,,,,,,,,
,,,,,,,,,,,
,,,,,,,,,,,
,,,,,,,,,,,
,,,,,,,,,,,
,,,,,,,,,,,
,,,,,,,,,,,
,,,,,,,,,,,
,,,,,,,,,,,
,,,,,,,,,,,
,,,,,,,,,,,
,,,,,,,,,,,
,,,,,,,,,,,
,,,,,,,,,,,
,,,,,,,,,,,
,,,,,,,,,,,
,,,,,,,,,,,
,,,,,,,,,,,
,,,,,,,,,,,
,,,,,,,,,,,
,,,,,,,,,,,
,,,,,,,,,,,
,,,,,,,,,,,
,,,,,,,,,,,
,,,,,,,,,,,
,,,,,,,,,,,
,,,,,,,,,,,
,,,,,,,,,,,
,,,,,,,,,,,
,,,,,,,,,,,
,,,,,,,,,,,
,,,,,,,,,,,
,,,,,,,,,,,
,,,,,,,,,,,
,,,,,,,,,,,
,,,,,,,,,,,
,,,,,,,,,,,
,,,,,,,,,,,
,,,,,,,,,,,
,,,,,,,,,,,
,,,,,,,,,,,
,,,,,,,,,,,
,,,,,,,,,,,
,,,,,,,,,,,
,,,,,,,,,,,
,,,,,,,,,,,
,,,,,,,,,,,
,,,,,,,,,,,
,,,,,,,,,,,
,,,,,,,,,,,
,,,,,,,,,,,
,,,,,,,,,,,
,,,,,,,,,,,
,,,,,,,,,,,
,,,,,,,,,,,
,,,,,,,,,,,
,,,,,,,,,,,
,,,,,,,,,,,
,,,,,,,,,,,
,,,,,,,,,,,
,,,,,,,,,,,
,,,,,,,,,,,
,,,,,,,,,,,
,,,,,,,,,,,
,,,,,,,,,,,
,,,,,,,,,,,
,,,,,,,,,,,
,,,,,,,,,,,
,,,,,,,,,,,
,,,,,,,,,,,
,,,,,,,,,,,
,,,,,,,,,,,
,,,,,,,,,,,
,,,,,,,,,,,
,,,,,,,,,,,
,,,,,,,,,,,
,,,,,,,,,,,
,,,,,,,,,,,
,,,,,,,,,,,
,,,,,,,,,,,
,,,,,,,,,,,
,,,,,,,,,,,
,,,,,,,,,,,
,,,,,,,,,,,
,,,,,,,,,,,
,,,,,,,,,,,
,,,,,,,,,,,
,,,,,,,,,,,
,,,,,,,,,,,
,,,,,,,,,,,
,,,,,,,,,,,
,,,,,,,,,,,
,,,,,,,,,,,
,,,,,,,,,,,
,,,,,,,,,,,
,,,,,,,,,,,
,,,,,,,,,,,
,,,,,,,,,,,
,,,,,,,,,,,
,,,,,,,,,,,
,,,,,,,,,,,
,,,,,,,,,,,
,,,,,,,,,,,
,,,,,,,,,,,
,,,,,,,,,,,
,,,,,,,,,,,
,,,,,,,,,,,
,,,,,,,,,,,
,,,,,,,,,,,
,,,,,,,,,,,
,,,,,,,,,,,
,,,,,,,,,,,
,,,,,,,,,,,
,,,,,,,,,,,
,,,,,,,,,,,
,,,,,,,,,,,
,,,,,,,,,,,
,,,,,,,,,,,
,,,,,,,,,,,
,,,,,,,,,,,
,,,,,,,,,,,
,,,,,,,,,,,
,,,,,,,,,,,
,,,,,,,,,,,
,,,,,,,,,,,
,,,,,,,,,,,
,,,,,,,,,,,
,,,,,,,,,,,
,,,,,,,,,,,
,,,,,,,,,,,
,,,,,,,,,,,
,,,,,,,,,,,
,,,,,,,,,,,
,,,,,,,,,,,
,,,,,,,,,,,
,,,,,,,,,,,
,,,,,,,,,,,
,,,,,,,,,,,
,,,,,,,,,,,
,,,,,,,,,,,
,,,,,,,,,,,
,,,,,,,,,,,
,,,,,,,,,,,
,,,,,,,,,,,
,,,,,,,,,,,
,,,,,,,,,,,
,,,,,,,,,,,
,,,,,,,,,,,
,,,,,,,,,,,
,,,,,,,,,,,
,,,,,,,,,,,
,,,,,,,,,,,
,,,,,,,,,,,
,,,,,,,,,,,
,,,,,,,,,,,
,,,,,,,,,,,
,,,,,,,,,,,
,,,,,,,,,,,
,,,,,,,,,,,
,,,,,,,,,,,
,,,,,,,,,,,
,,,,,,,,,,,
,,,,,,,,,,,
,,,,,,,,,,,
,,,,,,,,,,,
,,,,,,,,,,,
,,,,,,,,,,,
,,,,,,,,,,,
,,,,,,,,,,,
,,,,,,,,,,,
,,,,,,,,,,,
,,,,,,,,,,,
,,,,,,,,,,,
,,,,,,,,,,,
,,,,,,,,,,,
,,,,,,,,,,,
,,,,,,,,,,,
,,,,,,,,,,,
,,,,,,,,,,,
,,,,,,,,,,,
,,,,,,,,,,,
,,,,,,,,,,,
,,,,,,,,,,,
,,,,,,,,,,,
,,,,,,,,,,,
,,,,,,,,,,,
,,,,,,,,,,,
,,,,,,,,,,,
,,,,,,,,,,,
,,,,,,,,,,,
,,,,,,,,,,,
,,,,,,,,,,,
,,,,,,,,,,,
,,,,,,,,,,,
,,,,,,,,,,,
,,,,,,,,,,,
,,,,,,,,,,,
,,,,,,,,,,,
,,,,,,,,,,,
,,,,,,,,,,,
,,,,,,,,,,,
,,,,,,,,,,,
,,,,,,,,,,,
,,,,,,,,,,,
,,,,,,,,,,,
,,,,,,,,,,,
,,,,,,,,,,,
,,,,,,,,,,,
,,,,,,,,,,,
,,,,,,,,,,,
,,,,,,,,,,,
,,,,,,,,,,,
,,,,,,,,,,,
,,,,,,,,,,,
,,,,,,,,,,,
,,,,,,,,,,,
,,,,,,,,,,,
,,,,,,,,,,,
,,,,,,,,,,,
,,,,,,,,,,,
,,,,,,,,,,,
,,,,,,,,,,,
,,,,,,,,,,,
,,,,,,,,,,,
,,,,,,,,,,,
,,,,,,,,,,,
,,,,,,,,,,,
,,,,,,,,,,,
,,,,,,,,,,,
,,,,,,,,,,,
,,,,,,,,,,,
,,,,,,,,,,,
,,,,,,,,,,,
,,,,,,,,,,,
,,,,,,,,,,,
,,,,,,,,,,,
,,,,,,,,,,,
,,,,,,,,,,,
,,,,,,,,,,,
,,,,,,,,,,,
,,,,,,,,,,,
,,,,,,,,,,,
,,,,,,,,,,,
,,,,,,,,,,,
,,,,,,,,,,,
,,,,,,,,,,,
,,,,,,,,,,,
,,,,,,,,,,,
,,,,,,,,,,,
,,,,,,,,,,,
,,,,,,,,,,,
,,,,,,,,,,,
,,,,,,,,,,,
,,,,,,,,,,,
,,,,,,,,,,,
,,,,,,,,,,,
,,,,,,,,,,,
,,,,,,,,,,,
,,,,,,,,,,,
,,,,,,,,,,,
,,,,,,,,,,,
,,,,,,,,,,,
,,,,,,,,,,,
,,,,,,,,,,,
,,,,,,,,,,,
,,,,,,,,,,,
,,,,,,,,,,,
,,,,,,,,,,,
,,,,,,,,,,,
,,,,,,,,,,,
,,,,,,,,,,,
,,,,,,,,,,,
,,,,,,,,,,,
,,,,,,,,,,,
,,,,,,,,,,,
,,,,,,,,,,,
,,,,,,,,,,,
,,,,,,,,,,,
,,,,,,,,,,,
,,,,,,,,,,,
,,,,,,,,,,,
,,,,,,,,,,,
,,,,,,,,,,,
,,,,,,,,,,,
,,,,,,,,,,,
,,,,,,,,,,,
,,,,,,,,,,,
,,,,,,,,,,,
,,,,,,,,,,,
,,,,,,,,,,,
,,,,,,,,,,,
,,,,,,,,,,,
,,,,,,,,,,,
,,,,,,,,,,,
,,,,,,,,,,,
,,,,,,,,,,,
,,,,,,,,,,,
,,,,,,,,,,,
,,,,,,,,,,,
,,,,,,,,,,,
,,,,,,,,,,,
,,,,,,,,,,,
,,,,,,,,,,,
,,,,,,,,,,,
,,,,,,,,,,,
,,,,,,,,,,,
,,,,,,,,,,,
,,,,,,,,,,,
,,,,,,,,,,,
,,,,,,,,,,,
,,,,,,,,,,,
,,,,,,,,,,,
,,,,,,,,,,,
,,,,,,,,,,,
,,,,,,,,,,,
,,,,,,,,,,,
,,,,,,,,,,,
,,,,,,,,,,,
,,,,,,,,,,,
,,,,,,,,,,,
,,,,,,,,,,,
,,,,,,,,,,,
,,,,,,,,,,,
,,,,,,,,,,,
,,,,,,,,,,,
,,,,,,,,,,,
,,,,,,,,,,,
,,,,,,,,,,,
,,,,,,,,,,,
,,,,,,,,,,,
,,,,,,,,,,,
,,,,,,,,,,,
,,,,,,,,,,,
,,,,,,,,,,,
,,,,,,,,,,,
,,,,,,,,,,,
,,,,,,,,,,,
,,,,,,,,,,,
,,,,,,,,,,,
,,,,,,,,,,,
,,,,,,,,,,,
,,,,,,,,,,,
,,,,,,,,,,,
,,,,,,,,,,,
,,,,,,,,,,,
,,,,,,,,,,,
,,,,,,,,,,,
,,,,,,,,,,,
,,,,,,,,,,,
,,,,,,,,,,,
,,,,,,,,,,,
,,,,,,,,,,,
,,,,,,,,,,,
,,,,,,,,,,,
,,,,,,,,,,,
,,,,,,,,,,,
,,,,,,,,,,,
,,,,,,,,,,,
,,,,,,,,,,,
,,,,,,,,,,,
,,,,,,,,,,,
,,,,,,,,,,,
,,,,,,,,,,,
,,,,,,,,,,,
,,,,,,,,,,,
,,,,,,,,,,,
,,,,,,,,,,,
,,,,,,,,,,,
,,,,,,,,,,,
,,,,,,,,,,,
,,,,,,,,,,,
,,,,,,,,,,,
,,,,,,,,,,,
,,,,,,,,,,,
,,,,,,,,,,,
,,,,,,,,,,,
,,,,,,,,,,,
,,,,,,,,,,,
,,,,,,,,,,,
,,,,,,,,,,,
,,,,,,,,,,,
,,,,,,,,,,,
,,,,,,,,,,,
,,,,,,,,,,,
,,,,,,,,,,,
,,,,,,,,,,,
,,,,,,,,,,,
,,,,,,,,,,,
,,,,,,,,,,,
,,,,,,,,,,,
,,,,,,,,,,,
,,,,,,,,,,,
,,,,,,,,,,,
,,,,,,,,,,,
,,,,,,,,,,,
,,,,,,,,,,,
,,,,,,,,,,,
,,,,,,,,,,,
,,,,,,,,,,,
,,,,,,,,,,,
,,,,,,,,,,,
,,,,,,,,,,,
,,,,,,,,,,,
,,,,,,,,,,,
,,,,,,,,,,,
,,,,,,,,,,,
,,,,,,,,,,,
,,,,,,,,,,,
,,,,,,,,,,,
,,,,,,,,,,,
,,,,,,,,,,,
,,,,,,,,,,,
,,,,,,,,,,,
,,,,,,,,,,,
,,,,,,,,,,,
,,,,,,,,,,,
,,,,,,,,,,,
,,,,,,,,,,,
,,,,,,,,,,,
,,,,,,,,,,,
,,,,,,,,,,,
,,,,,,,,,,,
,,,,,,,,,,,
,,,,,,,,,,,
,,,,,,,,,,,
,,,,,,,,,,,
,,,,,,,,,,,
,,,,,,,,,,,
,,,,,,,,,,,
,,,,,,,,,,,
,,,,,,,,,,,
,,,,,,,,,,,
,,,,,,,,,,,
,,,,,,,,,,,
,,,,,,,,,,,
,,,,,,,,,,,
,,,,,,,,,,,
,,,,,,,,,,,
,,,,,,,,,,,
,,,,,,,,,,,
,,,,,,,,,,,
,,,,,,,,,,,
,,,,,,,,,,,
,,,,,,,,,,,
,,,,,,,,,,,
,,,,,,,,,,,
,,,,,,,,,,,
,,,,,,,,,,,
,,,,,,,,,,,
,,,,,,,,,,,
,,,,,,,,,,,
,,,,,,,,,,,
,,,,,,,,,,,
,,,,,,,,,,,
,,,,,,,,,,,
,,,,,,,,,,,
,,,,,,,,,,,
,,,,,,,,,,,
,,,,,,,,,,,
,,,,,,,,,,,
,,,,,,,,,,,
,,,,,,,,,,,
,,,,,,,,,,,
,,,,,,,,,,,
,,,,,,,,,,,
,,,,,,,,,,,
,,,,,,,,,,,
,,,,,,,,,,,
,,,,,,,,,,,
,,,,,,,,,,,
,,,,,,,,,,,
,,,,,,,,,,,
,,,,,,,,,,,
,,,,,,,,,,,
,,,,,,,,,,,
,,,,,,,,,,,
,,,,,,,,,,,
,,,,,,,,,,,
,,,,,,,,,,,
,,,,,,,,,,,
,,,,,,,,,,,
,,,,,,,,,,,
,,,,,,,,,,,
,,,,,,,,,,,
,,,,,,,,,,,
,,,,,,,,,,,
,,,,,,,,,,,
,,,,,,,,,,,
,,,,,,,,,,,
,,,,,,,,,,,
,,,,,,,,,,,
,,,,,,,,,,,
,,,,,,,,,,,
,,,,,,,,,,,
,,,,,,,,,,,
,,,,,,,,,,,
,,,,,,,,,,,
,,,,,,,,,,,
,,,,,,,,,,,
,,,,,,,,,,,
,,,,,,,,,,,
,,,,,,,,,,,
,,,,,,,,,,,
,,,,,,,,,,,
,,,,,,,,,,,
,,,,,,,,,,,
,,,,,,,,,,,
,,,,,,,,,,,
,,,,,,,,,,,
,,,,,,,,,,,
,,,,,,,,,,,
,,,,,,,,,,,
,,,,,,,,,,,
,,,,,,,,,,,
,,,,,,,,,,,
,,,,,,,,,,,
,,,,,,,,,,,
,,,,,,,,,,,
,,,,,,,,,,,
,,,,,,,,,,,
,,,,,,,,,,,
,,,,,,,,,,,
,,,,,,,,,,,
,,,,,,,,,,,
,,,,,,,,,,,
,,,,,,,,,,,
,,,,,,,,,,,
,,,,,,,,,,,
,,,,,,,,,,,
,,,,,,,,,,,
,,,,,,,,,,,
,,,,,,,,,,,
,,,,,,,,,,,
,,,,,,,,,,,
,,,,,,,,,,,
,,,,,,,,,,,
,,,,,,,,,,,
,,,,,,,,,,,
,,,,,,,,,,,
,,,,,,,,,,,
,,,,,,,,,,,
,,,,,,,,,,,
,,,,,,,,,,,
,,,,,,,,,,,
,,,,,,,,,,,
,,,,,,,,,,,
,,,,,,,,,,,
,,,,,,,,,,,
,,,,,,,,,,,
,,,,,,,,,,,
,,,,,,,,,,,
,,,,,,,,,,,
,,,,,,,,,,,
,,,,,,,,,,,
,,,,,,,,,,,
,,,,,,,,,,,
,,,,,,,,,,,
,,,,,,,,,,,
,,,,,,,,,,,
,,,,,,,,,,,
,,,,,,,,,,,
,,,,,,,,,,,
,,,,,,,,,,,
,,,,,,,,,,,
,,,,,,,,,,,
,,,,,,,,,,,
,,,,,,,,,,,
,,,,,,,,,,,
,,,,,,,,,,,
,,,,,,,,,,,
,,,,,,,,,,,
,,,,,,,,,,,
,,,,,,,,,,,
,,,,,,,,,,,
,,,,,,,,,,,
,,,,,,,,,,,
,,,,,,,,,,,
,,,,,,,,,,,
,,,,,,,,,,,
,,,,,,,,,,,
,,,,,,,,,,,
,,,,,,,,,,,
,,,,,,,,,,,
,,,,,,,,,,,
,,,,,,,,,,,
,,,,,,,,,,,
,,,,,,,,,,,
,,,,,,,,,,,
,,,,,,,,,,,
,,,,,,,,,,,
,,,,,,,,,,,
,,,,,,,,,,,
,,,,,,,,,,,
,,,,,,,,,,,
,,,,,,,,,,,
,,,,,,,,,,,
,,,,,,,,,,,
,,,,,,,,,,,
,,,,,,,,,,,
,,,,,,,,,,,
,,,,,,,,,,,
,,,,,,,,,,,
,,,,,,,,,,,
,,,,,,,,,,,
,,,,,,,,,,,
,,,,,,,,,,,
,,,,,,,,,,,
,,,,,,,,,,,
,,,,,,,,,,,
,,,,,,,,,,,
,,,,,,,,,,,
,,,,,,,,,,,
,,,,,,,,,,,
,,,,,,,,,,,
,,,,,,,,,,,
,,,,,,,,,,,
,,,,,,,,,,,
,,,,,,,,,,,
,,,,,,,,,,,
,,,,,,,,,,,
,,,,,,,,,,,
,,,,,,,,,,,
,,,,,,,,,,,
,,,,,,,,,,,
,,,,,,,,,,,
,,,,,,,,,,,
,,,,,,,,,,,
,,,,,,,,,,,
,,,,,,,,,,,
,,,,,,,,,,,
,,,,,,,,,,,
,,,,,,,,,,,
,,,,,,,,,,,
,,,,,,,,,,,
,,,,,,,,,,,
,,,,,,,,,,,
,,,,,,,,,,,
,,,,,,,,,,,
,,,,,,,,,,,
,,,,,,,,,,,
,,,,,,,,,,,
,,,,,,,,,,,
,,,,,,,,,,,
,,,,,,,,,,,
,,,,,,,,,,,
,,,,,,,,,,,
,,,,,,,,,,,
,,,,,,,,,,,
,,,,,,,,,,,
,,,,,,,,,,,
,,,,,,,,,,,
,,,,,,,,,,,
,,,,,,,,,,,
,,,,,,,,,,,
,,,,,,,,,,,
,,,,,,,,,,,
,,,,,,,,,,,
,,,,,,,,,,,
,,,,,,,,,,,
,,,,,,,,,,,
,,,,,,,,,,,
,,,,,,,,,,,
,,,,,,,,,,,
,,,,,,,,,,,
,,,,,,,,,,,
,,,,,,,,,,,
,,,,,,,,,,,
,,,,,,,,,,,
,,,,,,,,,,,
,,,,,,,,,,,
,,,,,,,,,,,
,,,,,,,,,,,
,,,,,,,,,,,
,,,,,,,,,,,
,,,,,,,,,,,
,,,,,,,,,,,
,,,,,,,,,,,
,,,,,,,,,,,
,,,,,,,,,,,
,,,,,,,,,,,
,,,,,,,,,,,
,,,,,,,,,,,
,,,,,,,,,,,
,,,,,,,,,,,
,,,,,,,,,,,
,,,,,,,,,,,
,,,,,,,,,,,
,,,,,,,,,,,
,,,,,,,,,,,
,,,,,,,,,,,
,,,,,,,,,,,
,,,,,,,,,,,
,,,,,,,,,,,
,,,,,,,,,,,
,,,,,,,,,,,
,,,,,,,,,,,
,,,,,,,,,,,
,,,,,,,,,,,
,,,,,,,,,,,
,,,,,,,,,,,
,,,,,,,,,,,
,,,,,,,,,,,
,,,,,,,,,,,
,,,,,,,,,,,
,,,,,,,,,,,
,,,,,,,,,,,
,,,,,,,,,,,
,,,,,,,,,,,
,,,,,,,,,,,
,,,,,,,,,,,
,,,,,,,,,,,
,,,,,,,,,,,
,,,,,,,,,,,
,,,,,,,,,,,
,,,,,,,,,,,
,,,,,,,,,,,
,,,,,,,,,,,
,,,,,,,,,,,
,,,,,,,,,,,
,,,,,,,,,,,
,,,,,,,,,,,
,,,,,,,,,,,
,,,,,,,,,,,
,,,,,,,,,,,
,,,,,,,,,,,
,,,,,,,,,,,
,,,,,,,,,,,
,,,,,,,,,,,
,,,,,,,,,,,
,,,,,,,,,,,
,,,,,,,,,,,
,,,,,,,,,,,
,,,,,,,,,,,
,,,,,,,,,,,
,,,,,,,,,,,
,,,,,,,,,,,
,,,,,,,,,,,
,,,,,,,,,,,
,,,,,,,,,,,
,,,,,,,,,,,
,,,,,,,,,,,
,,,,,,,,,,,
,,,,,,,,,,,
,,,,,,,,,,,
,,,,,,,,,,,
,,,,,,,,,,,
,,,,,,,,,,,
,,,,,,,,,,,
,,,,,,,,,,,
,,,,,,,,,,,
,,,,,,,,,,,
,,,,,,,,,,,
,,,,,,,,,,,
,,,,,,,,,,,
,,,,,,,,,,,
,,,,,,,,,,,
,,,,,,,,,,,
,,,,,,,,,,,
,,,,,,,,,,,
,,,,,,,,,,,
,,,,,,,,,,,
,,,,,,,,,,,
,,,,,,,,,,,
,,,,,,,,,,,
,,,,,,,,,,,
,,,,,,,,,,,
,,,,,,,,,,,
,,,,,,,,,,,
,,,,,,,,,,,
,,,,,,,,,,,
,,,,,,,,,,,
,,,,,,,,,,,
,,,,,,,,,,,
,,,,,,,,,,,
,,,,,,,,,,,
,,,,,,,,,,,
,,,,,,,,,,,
,,,,,,,,,,,
,,,,,,,,,,,
,,,,,,,,,,,
,,,,,,,,,,,
,,,,,,,,,,,
,,,,,,,,,,,
,,,,,,,,,,,
,,,,,,,,,,,
,,,,,,,,,,,
,,,,,,,,,,,
,,,,,,,,,,,
,,,,,,,,,,,
,,,,,,,,,,,
,,,,,,,,,,,
,,,,,,,,,,,
,,,,,,,,,,,
,,,,,,,,,,,
,,,,,,,,,,,
,,,,,,,,,,,
,,,,,,,,,,,
,,,,,,,,,,,
,,,,,,,,,,,
,,,,,,,,,,,
,,,,,,,,,,,
,,,,,,,,,,,
,,,,,,,,,,,
,,,,,,,,,,,
,,,,,,,,,,,
,,,,,,,,,,,
,,,,,,,,,,,
,,,,,,,,,,,
,,,,,,,,,,,
,,,,,,,,,,,
,,,,,,,,,,,
,,,,,,,,,,,
,,,,,,,,,,,
,,,,,,,,,,,
,,,,,,,,,,,
,,,,,,,,,,,
,,,,,,,,,,,
,,,,,,,,,,,
,,,,,,,,,,,
,,,,,,,,,,,
,,,,,,,,,,,
,,,,,,,,,,,
,,,,,,,,,,,
,,,,,,,,,,,
,,,,,,,,,,,
,,,,,,,,,,,
,,,,,,,,,,,
,,,,,,,,,,,
,,,,,,,,,,,
,,,,,,,,,,,
,,,,,,,,,,,
,,,,,,,,,,,
,,,,,,,,,,,
,,,,,,,,,,,
,,,,,,,,,,,
,,,,,,,,,,,
,,,,,,,,,,,
,,,,,,,,,,,
,,,,,,,,,,,
,,,,,,,,,,,
,,,,,,,,,,,
,,,,,,,,,,,
,,,,,,,,,,,
,,,,,,,,,,,
,,,,,,,,,,,
,,,,,,,,,,,
,,,,,,,,,,,
,,,,,,,,,,,
,,,,,,,,,,,
,,,,,,,,,,,
,,,,,,,,,,,
,,,,,,,,,,,
,,,,,,,,,,,
,,,,,,,,,,,
,,,,,,,,,,,
,,,,,,,,,,,
,,,,,,,,,,,
,,,,,,,,,,,
,,,,,,,,,,,
,,,,,,,,,,,
,,,,,,,,,,,
,,,,,,,,,,,
,,,,,,,,,,,
,,,,,,,,,,,
,,,,,,,,,,,
,,,,,,,,,,,
,,,,,,,,,,,
,,,,,,,,,,,
,,,,,,,,,,,
,,,,,,,,,,,
,,,,,,,,,,,
,,,,,,,,,,,
,,,,,,,,,,,
,,,,,,,,,,,
,,,,,,,,,,,
,,,,,,,,,,,
,,,,,,,,,,,
,,,,,,,,,,,
,,,,,,,,,,,
,,,,,,,,,,,
,,,,,,,,,,,
,,,,,,,,,,,
,,,,,,,,,,,
,,,,,,,,,,,
,,,,,,,,,,,
,,,,,,,,,,,
,,,,,,,,,,,
,,,,,,,,,,,
,,,,,,,,,,,
,,,,,,,,,,,
,,,,,,,,,,,
,,,,,,,,,,,
,,,,,,,,,,,
,,,,,,,,,,,
,,,,,,,,,,,
,,,,,,,,,,,
,,,,,,,,,,,
,,,,,,,,,,,
,,,,,,,,,,,
,,,,,,,,,,,
,,,,,,,,,,,
,,,,,,,,,,,
,,,,,,,,,,,
,,,,,,,,,,,
,,,,,,,,,,,
,,,,,,,,,,,
,,,,,,,,,,,
,,,,,,,,,,,
,,,,,,,,,,,
,,,,,,,,,,,
,,,,,,,,,,,
,,,,,,,,,,,
,,,,,,,,,,,
,,,,,,,,,,,
,,,,,,,,,,,
,,,,,,,,,,,
,,,,,,,,,,,
,,,,,,,,,,,
,,,,,,,,,,,
,,,,,,,,,,,
,,,,,,,,,,,
,,,,,,,,,,,
,,,,,,,,,,,
,,,,,,,,,,,
,,,,,,,,,,,
,,,,,,,,,,,
,,,,,,,,,,,
,,,,,,,,,,,
,,,,,,,,,,,
,,,,,,,,,,,
,,,,,,,,,,,
,,,,,,,,,,,
,,,,,,,,,,,
,,,,,,,,,,,
,,,,,,,,,,,
,,,,,,,,,,,
,,,,,,,,,,,
,,,,,,,,,,,
,,,,,,,,,,,
,,,,,,,,,,,
,,,,,,,,,,,
,,,,,,,,,,,
,,,,,,,,,,,
,,,,,,,,,,,
,,,,,,,,,,,
,,,,,,,,,,,
,,,,,,,,,,,
,,,,,,,,,,,
,,,,,,,,,,,
,,,,,,,,,,,
,,,,,,,,,,,
,,,,,,,,,,,
,,,,,,,,,,,
,,,,,,,,,,,
,,,,,,,,,,,
,,,,,,,,,,,
,,,,,,,,,,,
,,,,,,,,,,,
,,,,,,,,,,,
,,,,,,,,,,,
,,,,,,,,,,,
,,,,,,,,,,,
,,,,,,,,,,,
,,,,,,,,,,,
,,,,,,,,,,,
,,,,,,,,,,,
,,,,,,,,,,,
,,,,,,,,,,,
,,,,,,,,,,,
,,,,,,,,,,,
,,,,,,,,,,,
,,,,,,,,,,,
,,,,,,,,,,,
,,,,,,,,,,,
,,,,,,,,,,,
,,,,,,,,,,,
,,,,,,,,,,,
,,,,,,,,,,,
,,,,,,,,,,,
,,,,,,,,,,,
,,,,,,,,,,,
,,,,,,,,,,,
,,,,,,,,,,,
,,,,,,,,,,,
,,,,,,,,,,,
,,,,,,,,,,,
,,,,,,,,,,,
,,,,,,,,,,,
,,,,,,,,,,,
,,,,,,,,,,,
,,,,,,,,,,,
,,,,,,,,,,,
,,,,,,,,,,,
,,,,,,,,,,,
,,,,,,,,,,,
,,,,,,,,,,,
,,,,,,,,,,,
,,,,,,,,,,,
,,,,,,,,,,,
,,,,,,,,,,,
,,,,,,,,,,,
,,,,,,,,,,,
,,,,,,,,,,,
,,,,,,,,,,,
,,,,,,,,,,,
,,,,,,,,,,,
,,,,,,,,,,,
,,,,,,,,,,,
,,,,,,,,,,,
,,,,,,,,,,,
,,,,,,,,,,,
,,,,,,,,,,,
,,,,,,,,,,,
,,,,,,,,,,,
,,,,,,,,,,,
,,,,,,,,,,,
,,,,,,,,,,,
,,,,,,,,,,,
,,,,,,,,,,,
,,,,,,,,,,,
,,,,,,,,,,,
,,,,,,,,,,,
,,,,,,,,,,,
,,,,,,,,,,,
,,,,,,,,,,,
,,,,,,,,,,,
,,,,,,,,,,,
,,,,,,,,,,,
,,,,,,,,,,,
,,,,,,,,,,,
,,,,,,,,,,,
,,,,,,,,,,,
,,,,,,,,,,,
,,,,,,,,,,,
,,,,,,,,,,,
,,,,,,,,,,,
,,,,,,,,,,,
,,,,,,,,,,,
,,,,,,,,,,,
,,,,,,,,,,,
,,,,,,,,,,,
,,,,,,,,,,,
,,,,,,,,,,,
,,,,,,,,,,,
,,,,,,,,,,,
,,,,,,,,,,,
,,,,,,,,,,,
,,,,,,,,,,,
,,,,,,,,,,,
,,,,,,,,,,,
,,,,,,,,,,,
,,,,,,,,,,,
,,,,,,,,,,,
,,,,,,,,,,,
,,,,,,,,,,,
,,,,,,,,,,,
,,,,,,,,,,,
,,,,,,,,,,,
,,,,,,,,,,,
,,,,,,,,,,,
,,,,,,,,,,,
,,,,,,,,,,,
,,,,,,,,,,,
,,,,,,,,,,,
,,,,,,,,,,,
,,,,,,,,,,,
,,,,,,,,,,,
,,,,,,,,,,,
,,,,,,,,,,,
,,,,,,,,,,,
,,,,,,,,,,,
,,,,,,,,,,,
,,,,,,,,,,,
,,,,,,,,,,,
,,,,,,,,,,,
,,,,,,,,,,,
,,,,,,,,,,,
,,,,,,,,,,,
,,,,,,,,,,,
,,,,,,,,,,,
,,,,,,,,,,,
,,,,,,,,,,,
,,,,,,,,,,,
,,,,,,,,,,,
,,,,,,,,,,,
,,,,,,,,,,,
,,,,,,,,,,,
,,,,,,,,,,,
,,,,,,,,,,,
,,,,,,,,,,,
,,,,,,,,,,,
,,,,,,,,,,,
,,,,,,,,,,,
,,,,,,,,,,,
,,,,,,,,,,,
,,,,,,,,,,,
,,,,,,,,,,,
,,,,,,,,,,,
,,,,,,,,,,,
,,,,,,,,,,,
,,,,,,,,,,,
,,,,,,,,,,,
,,,,,,,,,,,
,,,,,,,,,,,
,,,,,,,,,,,
,,,,,,,,,,,
,,,,,,,,,,,
,,,,,,,,,,,
,,,,,,,,,,,
,,,,,,,,,,,
,,,,,,,,,,,
,,,,,,,,,,,
,,,,,,,,,,,
,,,,,,,,,,,
,,,,,,,,,,,
,,,,,,,,,,,
,,,,,,,,,,,
,,,,,,,,,,,
,,,,,,,,,,,
,,,,,,,,,,,
,,,,,,,,,,,
,,,,,,,,,,,
,,,,,,,,,,,
,,,,,,,,,,,
,,,,,,,,,,,
,,,,,,,,,,,
,,,,,,,,,,,
,,,,,,,,,,,
,,,,,,,,,,,
,,,,,,,,,,,
,,,,,,,,,,,
,,,,,,,,,,,
,,,,,,,,,,,
,,,,,,,,,,,
,,,,,,,,,,,
,,,,,,,,,,,
,,,,,,,,,,,
,,,,,,,,,,,
,,,,,,,,,,,
,,,,,,,,,,,
,,,,,,,,,,,
,,,,,,,,,,,
,,,,,,,,,,,
,,,,,,,,,,,
,,,,,,,,,,,
,,,,,,,,,,,
,,,,,,,,,,,
,,,,,,,,,,,
,,,,,,,,,,,
,,,,,,,,,,,
,,,,,,,,,,,
,,,,,,,,,,,
,,,,,,,,,,,
,,,,,,,,,,,
,,,,,,,,,,,
,,,,,,,,,,,
,,,,,,,,,,,
,,,,,,,,,,,
,,,,,,,,,,,
,,,,,,,,,,,
,,,,,,,,,,,
,,,,,,,,,,,
,,,,,,,,,,,
,,,,,,,,,,,
,,,,,,,,,,,
,,,,,,,,,,,
,,,,,,,,,,,
,,,,,,,,,,,
,,,,,,,,,,,
,,,,,,,,,,,
,,,,,,,,,,,
,,,,,,,,,,,
,,,,,,,,,,,
,,,,,,,,,,,
,,,,,,,,,,,
,,,,,,,,,,,
,,,,,,,,,,,
,,,,,,,,,,,
,,,,,,,,,,,
,,,,,,,,,,,
,,,,,,,,,,,
,,,,,,,,,,,
,,,,,,,,,,,
,,,,,,,,,,,
,,,,,,,,,,,
,,,,,,,,,,,
,,,,,,,,,,,
,,,,,,,,,,,
,,,,,,,,,,,
,,,,,,,,,,,
,,,,,,,,,,,
,,,,,,,,,,,
,,,,,,,,,,,
,,,,,,,,,,,
,,,,,,,,,,,
,,,,,,,,,,,
,,,,,,,,,,,
,,,,,,,,,,,
,,,,,,,,,,,
,,,,,,,,,,,
,,,,,,,,,,,
,,,,,,,,,,,
,,,,,,,,,,,
,,,,,,,,,,,
,,,,,,,,,,,
,,,,,,,,,,,
,,,,,,,,,,,
,,,,,,,,,,,
,,,,,,,,,,,
,,,,,,,,,,,
,,,,,,,,,,,
,,,,,,,,,,,
,,,,,,,,,,,
,,,,,,,,,,,
,,,,,,,,,,,
,,,,,,,,,,,
,,,,,,,,,,,
,,,,,,,,,,,
,,,,,,,,,,,
,,,,,,,,,,,
,,,,,,,,,,,
,,,,,,,,,,,
,,,,,,,,,,,
,,,,,,,,,,,
,,,,,,,,,,,
,,,,,,,,,,,
,,,,,,,,,,,
,,,,,,,,,,,
,,,,,,,,,,,
,,,,,,,,,,,
,,,,,,,,,,,
,,,,,,,,,,,
,,,,,,,,,,,
,,,,,,,,,,,
,,,,,,,,,,,
,,,,,,,,,,,
,,,,,,,,,,,
,,,,,,,,,,,
,,,,,,,,,,,
,,,,,,,,,,,
,,,,,,,,,,,
,,,,,,,,,,,
,,,,,,,,,,,
,,,,,,,,,,,
,,,,,,,,,,,
,,,,,,,,,,,
,,,,,,,,,,,
,,,,,,,,,,,
,,,,,,,,,,,
,,,,,,,,,,,
,,,,,,,,,,,
,,,,,,,,,,,
,,,,,,,,,,,
,,,,,,,,,,,
,,,,,,,,,,,
,,,,,,,,,,,
,,,,,,,,,,,
,,,,,,,,,,,
,,,,,,,,,,,
,,,,,,,,,,,
,,,,,,,,,,,
,,,,,,,,,,,
,,,,,,,,,,,
,,,,,,,,,,,
,,,,,,,,,,,
,,,,,,,,,,,
,,,,,,,,,,,
,,,,,,,,,,,
,,,,,,,,,,,
,,,,,,,,,,,
,,,,,,,,,,,
,,,,,,,,,,,
,,,,,,,,,,,
,,,,,,,,,,,
,,,,,,,,,,,
,,,,,,,,,,,
,,,,,,,,,,,
,,,,,,,,,,,
,,,,,,,,,,,
,,,,,,,,,,,
,,,,,,,,,,,
,,,,,,,,,,,
,,,,,,,,,,,
,,,,,,,,,,,
,,,,,,,,,,,
,,,,,,,,,,,
,,,,,,,,,,,
,,,,,,,,,,,
,,,,,,,,,,,
,,,,,,,,,,,
,,,,,,,,,,,
,,,,,,,,,,,
,,,,,,,,,,,
,,,,,,,,,,,
,,,,,,,,,,,
,,,,,,,,,,,
,,,,,,,,,,,
,,,,,,,,,,,
,,,,,,,,,,,
,,,,,,,,,,,
,,,,,,,,,,,
,,,,,,,,,,,
,,,,,,,,,,,
,,,,,,,,,,,
,,,,,,,,,,,
,,,,,,,,,,,
,,,,,,,,,,,
,,,,,,,,,,,
,,,,,,,,,,,
,,,,,,,,,,,
,,,,,,,,,,,
,,,,,,,,,,,
,,,,,,,,,,,
,,,,,,,,,,,
,,,,,,,,,,,
,,,,,,,,,,,
,,,,,,,,,,,
,,,,,,,,,,,
,,,,,,,,,,,
,,,,,,,,,,,
,,,,,,,,,,,
,,,,,,,,,,,
,,,,,,,,,,,
,,,,,,,,,,,
,,,,,,,,,,,
,,,,,,,,,,,
,,,,,,,,,,,
,,,,,,,,,,,
,,,,,,,,,,,
,,,,,,,,,,,
,,,,,,,,,,,
,,,,,,,,,,,
,,,,,,,,,,,
,,,,,,,,,,,
,,,,,,,,,,,
,,,,,,,,,,,
,,,,,,,,,,,
,,,,,,,,,,,
,,,,,,,,,,,
,,,,,,,,,,,
,,,,,,,,,,,
,,,,,,,,,,,
,,,,,,,,,,,
,,,,,,,,,,,
,,,,,,,,,,,
,,,,,,,,,,,
,,,,,,,,,,,
,,,,,,,,,,,
,,,,,,,,,,,
,,,,,,,,,,,
,,,,,,,,,,,
,,,,,,,,,,,
,,,,,,,,,,,
,,,,,,,,,,,
,,,,,,,,,,,
,,,,,,,,,,,
,,,,,,,,,,,
,,,,,,,,,,,
,,,,,,,,,,,
,,,,,,,,,,,
,,,,,,,,,,,
,,,,,,,,,,,
,,,,,,,,,,,
,,,,,,,,,,,
,,,,,,,,,,,
,,,,,,,,,,,
,,,,,,,,,,,
,,,,,,,,,,,
,,,,,,,,,,,
,,,,,,,,,,,
,,,,,,,,,,,
,,,,,,,,,,,
,,,,,,,,,,,
,,,,,,,,,,,
,,,,,,,,,,,
,,,,,,,,,,,
,,,,,,,,,,,
,,,,,,,,,,,
,,,,,,,,,,,
,,,,,,,,,,,
,,,,,,,,,,,
,,,,,,,,,,,
,,,,,,,,,,,
,,,,,,,,,,,
,,,,,,,,,,,
,,,,,,,,,,,
,,,,,,,,,,,
,,,,,,,,,,,
,,,,,,,,,,,
,,,,,,,,,,,
,,,,,,,,,,,
,,,,,,,,,,,
,,,,,,,,,,,
,,,,,,,,,,,
,,,,,,,,,,,
,,,,,,,,,,,
,,,,,,,,,,,
,,,,,,,,,,,
,,,,,,,,,,,
,,,,,,,,,,,
,,,,,,,,,,,
,,,,,,,,,,,
,,,,,,,,,,,
,,,,,,,,,,,
,,,,,,,,,,,
,,,,,,,,,,,
,,,,,,,,,,,
,,,,,,,,,,,
,,,,,,,,,,,
,,,,,,,,,,,
,,,,,,,,,,,
,,,,,,,,,,,
,,,,,,,,,,,
,,,,,,,,,,,
,,,,,,,,,,,
,,,,,,,,,,,
,,,,,,,,,,,
,,,,,,,,,,,
,,,,,,,,,,,
,,,,,,,,,,,
,,,,,,,,,,,
,,,,,,,,,,,
,,,,,,,,,,,
,,,,,,,,,,,
,,,,,,,,,,,
,,,,,,,,,,,
,,,,,,,,,,,
,,,,,,,,,,,
,,,,,,,,,,,
,,,,,,,,,,,
,,,,,,,,,,,
,,,,,,,,,,,
,,,,,,,,,,,
,,,,,,,,,,,
,,,,,,,,,,,
,,,,,,,,,,,
,,,,,,,,,,,
,,,,,,,,,,,
,,,,,,,,,,,
,,,,,,,,,,,
,,,,,,,,,,,
,,,,,,,,,,,
,,,,,,,,,,,
,,,,,,,,,,,
,,,,,,,,,,,
,,,,,,,,,,,
,,,,,,,,,,,
,,,,,,,,,,,
,,,,,,,,,,,
,,,,,,,,,,,
,,,,,,,,,,,
,,,,,,,,,,,
,,,,,,,,,,,
,,,,,,,,,,,
,,,,,,,,,,,
,,,,,,,,,,,
,,,,,,,,,,,
,,,,,,,,,,,
,,,,,,,,,,,
,,,,,,,,,,,
,,,,,,,,,,,
,,,,,,,,,,,
,,,,,,,,,,,
,,,,,,,,,,,
,,,,,,,,,,,
,,,,,,,,,,,
,,,,,,,,,,,
,,,,,,,,,,,
,,,,,,,,,,,
,,,,,,,,,,,
,,,,,,,,,,,
,,,,,,,,,,,
,,,,,,,,,,,
,,,,,,,,,,,
,,,,,,,,,,,
,,,,,,,,,,,
,,,,,,,,,,,
,,,,,,,,,,,
,,,,,,,,,,,
,,,,,,,,,,,
,,,,,,,,,,,
,,,,,,,,,,,
,,,,,,,,,,,
,,,,,,,,,,,
,,,,,,,,,,,
,,,,,,,,,,,
,,,,,,,,,,,
,,,,,,,,,,,
,,,,,,,,,,,
,,,,,,,,,,,
,,,,,,,,,,,
,,,,,,,,,,,
,,,,,,,,,,,
,,,,,,,,,,,
,,,,,,,,,,,
,,,,,,,,,,,
,,,,,,,,,,,
,,,,,,,,,,,
,,,,,,,,,,,
,,,,,,,,,,,
,,,,,,,,,,,
,,,,,,,,,,,
,,,,,,,,,,,
,,,,,,,,,,,
,,,,,,,,,,,
,,,,,,,,,,,
,,,,,,,,,,,
,,,,,,,,,,,
,,,,,,,,,,,
,,,,,,,,,,,
,,,,,,,,,,,
,,,,,,,,,,,
,,,,,,,,,,,
,,,,,,,,,,,
,,,,,,,,,,,
,,,,,,,,,,,
,,,,,,,,,,,
,,,,,,,,,,,
,,,,,,,,,,,
,,,,,,,,,,,
,,,,,,,,,,,
,,,,,,,,,,,
,,,,,,,,,,,
,,,,,,,,,,,
,,,,,,,,,,,
,,,,,,,,,,,
,,,,,,,,,,,
,,,,,,,,,,,
,,,,,,,,,,,
,,,,,,,,,,,
,,,,,,,,,,,
,,,,,,,,,,,
,,,,,,,,,,,
,,,,,,,,,,,
,,,,,,,,,,,
,,,,,,,,,,,
,,,,,,,,,,,
,,,,,,,,,,,
,,,,,,,,,,,
,,,,,,,,,,,
,,,,,,,,,,,
,,,,,,,,,,,
,,,,,,,,,,,
,,,,,,,,,,,
,,,,,,,,,,,
,,,,,,,,,,,
,,,,,,,,,,,
,,,,,,,,,,,
,,,,,,,,,,,
,,,,,,,,,,,
,,,,,,,,,,,
,,,,,,,,,,,
,,,,,,,,,,,
,,,,,,,,,,,
,,,,,,,,,,,
,,,,,,,,,,,
,,,,,,,,,,,
,,,,,,,,,,,
,,,,,,,,,,,
,,,,,,,,,,,
,,,,,,,,,,,
,,,,,,,,,,,
,,,,,,,,,,,
,,,,,,,,,,,
,,,,,,,,,,,
,,,,,,,,,,,
,,,,,,,,,,,
,,,,,,,,,,,
,,,,,,,,,,,
,,,,,,,,,,,
,,,,,,,,,,,
,,,,,,,,,,,
,,,,,,,,,,,
,,,,,,,,,,,
,,,,,,,,,,,
,,,,,,,,,,,
,,,,,,,,,,,
,,,,,,,,,,,
,,,,,,,,,,,
,,,,,,,,,,,
,,,,,,,,,,,
,,,,,,,,,,,
,,,,,,,,,,,
,,,,,,,,,,,
,,,,,,,,,,,
,,,,,,,,,,,
,,,,,,,,,,,
,,,,,,,,,,,
,,,,,,,,,,,
,,,,,,,,,,,
,,,,,,,,,,,
,,,,,,,,,,,
,,,,,,,,,,,
,,,,,,,,,,,
,,,,,,,,,,,
,,,,,,,,,,,
,,,,,,,,,,,
,,,,,,,,,,,
,,,,,,,,,,,
,,,,,,,,,,,
,,,,,,,,,,,
,,,,,,,,,,,
,,,,,,,,,,,
,,,,,,,,,,,
,,,,,,,,,,,
,,,,,,,,,,,
,,,,,,,,,,,
,,,,,,,,,,,
,,,,,,,,,,,
,,,,,,,,,,,
,,,,,,,,,,,
,,,,,,,,,,,
,,,,,,,,,,,
,,,,,,,,,,,
,,,,,,,,,,,
,,,,,,,,,,,
,,,,,,,,,,,
,,,,,,,,,,,
,,,,,,,,,,,
,,,,,,,,,,,
,,,,,,,,,,,
,,,,,,,,,,,
,,,,,,,,,,,
,,,,,,,,,,,
,,,,,,,,,,,
,,,,,,,,,,,
,,,,,,,,,,,
,,,,,,,,,,,
,,,,,,,,,,,
,,,,,,,,,,,
,,,,,,,,,,,
,,,,,,,,,,,
,,,,,,,,,,,
,,,,,,,,,,,
,,,,,,,,,,,
,,,,,,,,,,,
,,,,,,,,,,,
,,,,,,,,,,,
,,,,,,,,,,,
,,,,,,,,,,,
,,,,,,,,,,,
,,,,,,,,,,,
,,,,,,,,,,,
,,,,,,,,,,,
,,,,,,,,,,,
,,,,,,,,,,,
,,,,,,,,,,,
,,,,,,,,,,,
,,,,,,,,,,,
,,,,,,,,,,,
,,,,,,,,,,,
,,,,,,,,,,,
,,,,,,,,,,,
,,,,,,,,,,,
,,,,,,,,,,,
,,,,,,,,,,,
,,,,,,,,,,,
,,,,,,,,,,,
,,,,,,,,,,,
,,,,,,,,,,,
,,,,,,,,,,,
,,,,,,,,,,,
,,,,,,,,,,,
,,,,,,,,,,,
,,,,,,,,,,,
,,,,,,,,,,,
,,,,,,,,,,,
,,,,,,,,,,,
,,,,,,,,,,,
,,,,,,,,,,,
,,,,,,,,,,,
,,,,,,,,,,,
,,,,,,,,,,,
,,,,,,,,,,,
,,,,,,,,,,,
,,,,,,,,,,,
,,,,,,,,,,,
,,,,,,,,,,,
,,,,,,,,,,,
,,,,,,,,,,,
,,,,,,,,,,,
,,,,,,,,,,,
,,,,,,,,,,,
,,,,,,,,,,,
,,,,,,,,,,,
,,,,,,,,,,,
,,,,,,,,,,,
,,,,,,,,,,,
,,,,,,,,,,,
,,,,,,,,,,,
,,,,,,,,,,,
,,,,,,,,,,,
,,,,,,,,,,,
,,,,,,,,,,,
,,,,,,,,,,,
,,,,,,,,,,,
,,,,,,,,,,,
,,,,,,,,,,,
,,,,,,,,,,,
,,,,,,,,,,,
,,,,,,,,,,,
,,,,,,,,,,,
,,,,,,,,,,,
,,,,,,,,,,,
,,,,,,,,,,,
,,,,,,,,,,,
,,,,,,,,,,,
,,,,,,,,,,,
,,,,,,,,,,,
,,,,,,,,,,,
,,,,,,,,,,,
,,,,,,,,,,,
,,,,,,,,,,,
,,,,,,,,,,,
,,,,,,,,,,,
,,,,,,,,,,,
,,,,,,,,,,,
,,,,,,,,,,,
,,,,,,,,,,,
,,,,,,,,,,,
,,,,,,,,,,,
,,,,,,,,,,,
,,,,,,,,,,,
,,,,,,,,,,,
,,,,,,,,,,,
,,,,,,,,,,,
,,,,,,,,,,,
,,,,,,,,,,,
,,,,,,,,,,,
,,,,,,,,,,,
,,,,,,,,,,,
,,,,,,,,,,,
,,,,,,,,,,,
,,,,,,,,,,,
,,,,,,,,,,,
,,,,,,,,,,,
,,,,,,,,,,,
,,,,,,,,,,,
,,,,,,,,,,,
,,,,,,,,,,,
,,,,,,,,,,,
,,,,,,,,,,,
,,,,,,,,,,,
,,,,,,,,,,,
,,,,,,,,,,,
,,,,,,,,,,,
,,,,,,,,,,,
,,,,,,,,,,,
,,,,,,,,,,,
,,,,,,,,,,,
,,,,,,,,,,,
,,,,,,,,,,,
,,,,,,,,,,,
,,,,,,,,,,,
,,,,,,,,,,,
,,,,,,,,,,,
,,,,,,,,,,,
,,,,,,,,,,,
,,,,,,,,,,,
,,,,,,,,,,,
,,,,,,,,,,,
,,,,,,,,,,,
,,,,,,,,,,,
,,,,,,,,,,,
,,,,,,,,,,,
,,,,,,,,,,,
,,,,,,,,,,,
,,,,,,,,,,,
,,,,,,,,,,,
,,,,,,,,,,,
,,,,,,,,,,,
,,,,,,,,,,,
,,,,,,,,,,,
,,,,,,,,,,,
,,,,,,,,,,,
,,,,,,,,,,,
,,,,,,,,,,,
,,,,,,,,,,,
,,,,,,,,,,,
,,,,,,,,,,,
,,,,,,,,,,,
,,,,,,,,,,,
,,,,,,,,,,,
,,,,,,,,,,,
,,,,,,,,,,,
,,,,,,,,,,,
,,,,,,,,,,,
,,,,,,,,,,,
,,,,,,,,,,,
,,,,,,,,,,,
,,,,,,,,,,,
,,,,,,,,,,,
,,,,,,,,,,,
,,,,,,,,,,,
,,,,,,,,,,,
,,,,,,,,,,,
,,,,,,,,,,,
,,,,,,,,,,,
,,,,,,,,,,,
,,,,,,,,,,,
,,,,,,,,,,,
,,,,,,,,,,,
,,,,,,,,,,,
,,,,,,,,,,,
,,,,,,,,,,,
,,,,,,,,,,,
,,,,,,,,,,,
,,,,,,,,,,,
,,,,,,,,,,,
,,,,,,,,,,,
,,,,,,,,,,,
,,,,,,,,,,,
,,,,,,,,,,,
,,,,,,,,,,,
,,,,,,,,,,,
,,,,,,,,,,,
,,,,,,,,,,,
,,,,,,,,,,,
,,,,,,,,,,,
,,,,,,,,,,,
,,,,,,,,,,,
,,,,,,,,,,,
,,,,,,,,,,,
,,,,,,,,,,,
,,,,,,,,,,,
,,,,,,,,,,,
,,,,,,,,,,,
,,,,,,,,,,,
,,,,,,,,,,,
,,,,,,,,,,,
,,,,,,,,,,,
,,,,,,,,,,,
,,,,,,,,,,,
,,,,,,,,,,,
,,,,,,,,,,,
,,,,,,,,,,,
,,,,,,,,,,,
,,,,,,,,,,,
,,,,,,,,,,,
,,,,,,,,,,,
,,,,,,,,,,,
,,,,,,,,,,,
,,,,,,,,,,,
,,,,,,,,,,,
,,,,,,,,,,,
,,,,,,,,,,,
,,,,,,,,,,,
,,,,,,,,,,,
,,,,,,,,,,,
,,,,,,,,,,,
,,,,,,,,,,,
,,,,,,,,,,,
,,,,,,,,,,,
,,,,,,,,,,,
,,,,,,,,,,,
,,,,,,,,,,,
,,,,,,,,,,,
,,,,,,,,,,,
,,,,,,,,,,,
,,,,,,,,,,,
,,,,,,,,,,,
,,,,,,,,,,,
,,,,,,,,,,,
,,,,,,,,,,,
,,,,,,,,,,,
,,,,,,,,,,,
,,,,,,,,,,,
,,,,,,,,,,,
,,,,,,,,,,,
,,,,,,,,,,,
,,,,,,,,,,,
,,,,,,,,,,,
,,,,,,,,,,,
,,,,,,,,,,,
,,,,,,,,,,,
,,,,,,,,,,,
,,,,,,,,,,,
,,,,,,,,,,,
,,,,,,,,,,,
,,,,,,,,,,,
,,,,,,,,,,,
,,,,,,,,,,,
,,,,,,,,,,,
,,,,,,,,,,,
,,,,,,,,,,,
,,,,,,,,,,,
,,,,,,,,,,,
,,,,,,,,,,,
,,,,,,,,,,,
,,,,,,,,,,,
,,,,,,,,,,,
,,,,,,,,,,,
,,,,,,,,,,,
,,,,,,,,,,,
,,,,,,,,,,,
,,,,,,,,,,,
,,,,,,,,,,,
,,,,,,,,,,,
,,,,,,,,,,,
,,,,,,,,,,,
,,,,,,,,,,,
,,,,,,,,,,,
,,,,,,,,,,,
,,,,,,,,,,,
,,,,,,,,,,,
,,,,,,,,,,,
,,,,,,,,,,,
,,,,,,,,,,,
,,,,,,,,,,,
,,,,,,,,,,,
,,,,,,,,,,,
,,,,,,,,,,,
,,,,,,,,,,,
,,,,,,,,,,,
,,,,,,,,,,,
,,,,,,,,,,,
,,,,,,,,,,,
,,,,,,,,,,,
,,,,,,,,,,,
,,,,,,,,,,,
,,,,,,,,,,,
,,,,,,,,,,,
,,,,,,,,,,,
,,,,,,,,,,,
,,,,,,,,,,,
,,,,,,,,,,,
,,,,,,,,,,,
,,,,,,,,,,,
,,,,,,,,,,,
,,,,,,,,,,,
,,,,,,,,,,,
,,,,,,,,,,,
,,,,,,,,,,,
,,,,,,,,,,,
,,,,,,,,,,,
,,,,,,,,,,,
,,,,,,,,,,,
,,,,,,,,,,,
,,,,,,,,,,,
,,,,,,,,,,,
,,,,,,,,,,,
,,,,,,,,,,,
,,,,,,,,,,,
,,,,,,,,,,,
,,,,,,,,,,,
,,,,,,,,,,,
,,,,,,,,,,,
,,,,,,,,,,,
,,,,,,,,,,,
,,,,,,,,,,,
,,,,,,,,,,,
,,,,,,,,,,,
,,,,,,,,,,,
,,,,,,,,,,,
,,,,,,,,,,,
,,,,,,,,,,,
,,,,,,,,,,,
,,,,,,,,,,,
,,,,,,,,,,,
,,,,,,,,,,,
,,,,,,,,,,,
,,,,,,,,,,,
,,,,,,,,,,,
,,,,,,,,,,,
,,,,,,,,,,,
,,,,,,,,,,,
,,,,,,,,,,,
,,,,,,,,,,,
,,,,,,,,,,,
,,,,,,,,,,,
,,,,,,,,,,,
,,,,,,,,,,,
,,,,,,,,,,,
,,,,,,,,,,,
,,,,,,,,,,,
,,,,,,,,,,,
,,,,,,,,,,,
,,,,,,,,,,,
,,,,,,,,,,,
,,,,,,,,,,,
,,,,,,,,,,,
,,,,,,,,,,,
,,,,,,,,,,,
,,,,,,,,,,,
,,,,,,,,,,,
,,,,,,,,,,,
,,,,,,,,,,,
,,,,,,,,,,,
,,,,,,,,,,,
,,,,,,,,,,,
,,,,,,,,,,,
,,,,,,,,,,,
,,,,,,,,,,,
,,,,,,,,,,,
,,,,,,,,,,,
,,,,,,,,,,,
,,,,,,,,,,,
,,,,,,,,,,,
,,,,,,,,,,,
,,,,,,,,,,,
,,,,,,,,,,,
,,,,,,,,,,,
,,,,,,,,,,,
,,,,,,,,,,,
,,,,,,,,,,,
,,,,,,,,,,,
,,,,,,,,,,,
,,,,,,,,,,,
,,,,,,,,,,,
,,,,,,,,,,,
,,,,,,,,,,,
,,,,,,,,,,,
,,,,,,,,,,,
,,,,,,,,,,,
,,,,,,,,,,,
,,,,,,,,,,,
,,,,,,,,,,,
,,,,,,,,,,,
,,,,,,,,,,,
,,,,,,,,,,,
,,,,,,,,,,,
,,,,,,,,,,,
,,,,,,,,,,,
,,,,,,,,,,,
,,,,,,,,,,,
,,,,,,,,,,,
,,,,,,,,,,,
,,,,,,,,,,,
,,,,,,,,,,,
,,,,,,,,,,,
,,,,,,,,,,,
,,,,,,,,,,,
,,,,,,,,,,,
,,,,,,,,,,,
,,,,,,,,,,,
,,,,,,,,,,,
,,,,,,,,,,,
,,,,,,,,,,,
,,,,,,,,,,,
,,,,,,,,,,,
,,,,,,,,,,,
,,,,,,,,,,,
,,,,,,,,,,,
,,,,,,,,,,,
,,,,,,,,,,,
,,,,,,,,,,,
,,,,,,,,,,,
,,,,,,,,,,,
,,,,,,,,,,,
,,,,,,,,,,,
,,,,,,,,,,,
,,,,,,,,,,,
,,,,,,,,,,,
,,,,,,,,,,,
,,,,,,,,,,,
,,,,,,,,,,,
,,,,,,,,,,,
,,,,,,,,,,,
,,,,,,,,,,,
,,,,,,,,,,,
,,,,,,,,,,,
,,,,,,,,,,,
,,,,,,,,,,,
,,,,,,,,,,,
,,,,,,,,,,,
,,,,,,,,,,,
,,,,,,,,,,,
,,,,,,,,,,,
,,,,,,,,,,,
,,,,,,,,,,,
,,,,,,,,,,,
,,,,,,,,,,,
,,,,,,,,,,,
,,,,,,,,,,,
,,,,,,,,,,,
,,,,,,,,,,,
,,,,,,,,,,,
,,,,,,,,,,,
,,,,,,,,,,,
,,,,,,,,,,,
,,,,,,,,,,,
,,,,,,,,,,,
,,,,,,,,,,,
,,,,,,,,,,,
,,,,,,,,,,,
,,,,,,,,,,,
,,,,,,,,,,,
,,,,,,,,,,,
,,,,,,,,,,,
,,,,,,,,,,,
,,,,,,,,,,,
,,,,,,,,,,,
,,,,,,,,,,,
,,,,,,,,,,,
,,,,,,,,,,,
,,,,,,,,,,,
,,,,,,,,,,,
,,,,,,,,,,,
,,,,,,,,,,,
,,,,,,,,,,,
,,,,,,,,,,,
,,,,,,,,,,,
,,,,,,,,,,,
,,,,,,,,,,,
,,,,,,,,,,,
,,,,,,,,,,,
,,,,,,,,,,,
,,,,,,,,,,,
,,,,,,,,,,,
,,,,,,,,,,,
,,,,,,,,,,,
,,,,,,,,,,,
,,,,,,,,,,,
,,,,,,,,,,,
,,,,,,,,,,,
,,,,,,,,,,,
,,,,,,,,,,,
,,,,,,,,,,,
,,,,,,,,,,,
,,,,,,,,,,,
,,,,,,,,,,,
,,,,,,,,,,,
,,,,,,,,,,,
,,,,,,,,,,,
,,,,,,,,,,,
,,,,,,,,,,,
,,,,,,,,,,,
,,,,,,,,,,,
,,,,,,,,,,,
,,,,,,,,,,,
,,,,,,,,,,,
,,,,,,,,,,,
,,,,,,,,,,,
,,,,,,,,,,,
,,,,,,,,,,,
,,,,,,,,,,,
,,,,,,,,,,,
,,,,,,,,,,,
,,,,,,,,,,,
,,,,,,,,,,,
,,,,,,,,,,,
,,,,,,,,,,,
,,,,,,,,,,,
,,,,,,,,,,,
,,,,,,,,,,,
,,,,,,,,,,,
,,,,,,,,,,,
,,,,,,,,,,,
,,,,,,,,,,,
,,,,,,,,,,,
,,,,,,,,,,,
,,,,,,,,,,,
,,,,,,,,,,,
,,,,,,,,,,,
,,,,,,,,,,,
,,,,,,,,,,,
,,,,,,,,,,,
,,,,,,,,,,,
,,,,,,,,,,,
,,,,,,,,,,,
,,,,,,,,,,,
,,,,,,,,,,,
,,,,,,,,,,,
,,,,,,,,,,,
,,,,,,,,,,,
,,,,,,,,,,,
,,,,,,,,,,,
,,,,,,,,,,,
,,,,,,,,,,,
,,,,,,,,,,,
,,,,,,,,,,,
,,,,,,,,,,,
,,,,,,,,,,,
,,,,,,,,,,,
,,,,,,,,,,,
,,,,,,,,,,,
,,,,,,,,,,,
,,,,,,,,,,,
,,,,,,,,,,,
,,,,,,,,,,,
,,,,,,,,,,,
,,,,,,,,,,,
,,,,,,,,,,,
,,,,,,,,,,,
,,,,,,,,,,,
,,,,,,,,,,,
,,,,,,,,,,,
,,,,,,,,,,,
,,,,,,,,,,,
,,,,,,,,,,,
,,,,,,,,,,,
,,,,,,,,,,,
,,,,,,,,,,,
,,,,,,,,,,,
,,,,,,,,,,,
,,,,,,,,,,,
,,,,,,,,,,,
,,,,,,,,,,,
,,,,,,,,,,,
,,,,,,,,,,,
,,,,,,,,,,,
,,,,,,,,,,,
,,,,,,,,,,,
,,,,,,,,,,,
,,,,,,,,,,,
,,,,,,,,,,,
,,,,,,,,,,,
,,,,,,,,,,,
,,,,,,,,,,,
,,,,,,,,,,,
,,,,,,,,,,,
,,,,,,,,,,,
,,,,,,,,,,,
,,,,,,,,,,,
,,,,,,,,,,,
,,,,,,,,,,,
,,,,,,,,,,,
,,,,,,,,,,,
,,,,,,,,,,,
,,,,,,,,,,,
,,,,,,,,,,,
,,,,,,,,,,,
,,,,,,,,,,,
,,,,,,,,,,,
,,,,,,,,,,,
,,,,,,,,,,,
,,,,,,,,,,,
,,,,,,,,,,,
,,,,,,,,,,,
,,,,,,,,,,,
,,,,,,,,,,,
,,,,,,,,,,,
,,,,,,,,,,,
,,,,,,,,,,,
,,,,,,,,,,,
,,,,,,,,,,,
,,,,,,,,,,,
,,,,,,,,,,,
,,,,,,,,,,,
,,,,,,,,,,,
,,,,,,,,,,,
,,,,,,,,,,,
,,,,,,,,,,,
,,,,,,,,,,,
,,,,,,,,,,,
,,,,,,,,,,,
,,,,,,,,,,,
,,,,,,,,,,,
,,,,,,,,,,,
,,,,,,,,,,,
,,,,,,,,,,,
,,,,,,,,,,,
,,,,,,,,,,,
,,,,,,,,,,,
,,,,,,,,,,,
,,,,,,,,,,,
,,,,,,,,,,,
,,,,,,,,,,,
,,,,,,,,,,,
,,,,,,,,,,,
,,,,,,,,,,,
,,,,,,,,,,,
,,,,,,,,,,,
,,,,,,,,,,,
,,,,,,,,,,,
,,,,,,,,,,,
,,,,,,,,,,,
,,,,,,,,,,,
,,,,,,,,,,,
,,,,,,,,,,,
,,,,,,,,,,,
,,,,,,,,,,,
,,,,,,,,,,,
,,,,,,,,,,,
,,,,,,,,,,,
,,,,,,,,,,,
,,,,,,,,,,,
,,,,,,,,,,,
,,,,,,,,,,,
,,,,,,,,,,,
,,,,,,,,,,,
,,,,,,,,,,,
,,,,,,,,,,,
,,,,,,,,,,,
,,,,,,,,,,,
,,,,,,,,,,,
,,,,,,,,,,,
,,,,,,,,,,,
,,,,,,,,,,,
,,,,,,,,,,,
,,,,,,,,,,,
,,,,,,,,,,,
,,,,,,,,,,,
,,,,,,,,,,,
,,,,,,,,,,,
,,,,,,,,,,,
,,,,,,,,,,,
,,,,,,,,,,,
,,,,,,,,,,,
,,,,,,,,,,,
,,,,,,,,,,,
,,,,,,,,,,,
,,,,,,,,,,,
,,,,,,,,,,,
,,,,,,,,,,,
,,,,,,,,,,,
,,,,,,,,,,,
,,,,,,,,,,,
,,,,,,,,,,,
,,,,,,,,,,,
,,,,,,,,,,,
,,,,,,,,,,,
,,,,,,,,,,,
,,,,,,,,,,,
,,,,,,,,,,,
,,,,,,,,,,,
,,,,,,,,,,,
